<?xml version="1.0" encoding="UTF-8"?>
<con:soapui-project id="f831ca70-f0d7-416b-89e0-97b9b1aaaa21" activeEnvironment="Default" name="Acc_CCE_Client_Transactional_Project" soapui-version="5.2.1" xmlns:con="http://eviware.com/soapui/config"><con:settings/><con:interface xsi:type="con:RestService" id="c88d4b94-9ad4-4c56-9c4d-e9ee2c7204c3" wadlVersion="http://wadl.dev.java.net/2009/02" name="http://localhost:8080" type="rest" xmlns:xsi="http://www.w3.org/2001/XMLSchema-instance"><con:settings/><con:definitionCache/><con:endpoints><con:endpoint>http://localhost:8080</con:endpoint></con:endpoints><con:resource name="ClientTransactionalRules" path="/kie-server/services/rest/server/containers/instances/ClientTransactionalRules" id="5e5e5a78-69ad-418d-9710-f536b084607c"><con:settings/><con:parameters/><con:method name="ClientTransactionalRules" id="8eebb355-c72c-4501-a191-188018c4edb5" method="POST"><con:settings/><con:parameters/><con:representation type="RESPONSE"><con:mediaType>application/json</con:mediaType><con:status>200</con:status><con:params/><con:element xmlns:cli="http://localhost/kie-server/services/rest/server/containers/instances/ClientTransactionalRules">cli:Response</con:element></con:representation><con:representation type="REQUEST"><con:mediaType>application/json</con:mediaType><con:params/></con:representation><con:request name="SingleHotel_SingleRoom" id="a7a03a5a-c319-4e02-8458-44dfbe9e0ee3" mediaType="application/json" postQueryString="false"><con:settings><con:setting id="com.eviware.soapui.impl.wsdl.WsdlRequest@request-headers">&lt;xml-fragment/></con:setting></con:settings><con:endpoint>http://localhost:8080</con:endpoint><con:request>{ "lookup" : "kSession",
  "commands" : [ 
    
    { "insert" : {"out-identifier":"BusinessRuleIntake","return-object":false,"entry-point":"DEFAULT",
    "object":{"cnk.acco_commercialscalculationengine.clienttransactionalrules.Root":{
      
        "header":{
    		"transactionID":"12345",
    		"sessionId":"abc@123",
    		"operationName":"Search",
    		"userID":"Vasudha"
    		},
    	
      "businessRuleIntake": [
        {
          "commonElements": {
            "supplier": "GTA",
            "supplierMarket": "India",
            "productCategorySubType": "Hotels",
            "contractValidity": "2017-09-18T00:00:00",
            "productChain":"PC1",
            "productBrand":"PB1",
            "productName":"PN1",
            "clientType":"B2B",
            "clientGroup":"CG1",
            "clientName":"CN1",
            "rateType":"RT1",       
            "rateCode": "RC1"
          },
          "slabDetails" : [
          {
            "slabType": "TotalRevenue",
            "slabTypeValue": "1500"
          },
          {
            "slabType": "TotalPassengers",
            "slabTypeValue": "4500"
          }
        ],
       "advancedDefinition": {
       	 	"travelDate": "2017-09-16T00:00:00+05:30",
          	"salesDate":"2017-09-16T00:00:00+05:30",
          	"fromContinent":"Asia",
          	"fromCountry":"India",
          	"fromState":"Maharashtra",
          	"fromCity":"Mumbai",
          	"toContinent":"Asia",
          	"toCountry":"India",
          	"toState":"Karnataka",
          	"toCity":"Bangalore",
          	"roomCategory" :"RC1",
          	"roomType" : "Deluxe Studio",
          	"bookingType" : "Online",
          	"credentialsName" :"GTA",
          	"nationality":"Indian",
          	"passengerType" : "ADT"
      },
	  "entityDetails":[
	  {
		"entityType":"ClientType",
		"entityName":"CnKB2BIndEng",
		"entityMarket":"India"
	  }	
	  ],
	  "hotelDetails":[
	  {
	  	"productChain" :"Taj Group",
	  	"ProductBrand" : "Taj India",
	  	"productName" :"Taj Vivanta",
	  	"roomDetails":[{
          		"roomCategory": "Deluxe Studio",
          		"roomType": "Double",
          		"passengerType" : "ADT",
          		"fareBreakUp": {
          	   		"baseFare" :"1800",
          	   		"totalFare" : "2000",
          	   		"taxDetails" :[
          	   			{
          	   				"taxName" :"YQ",
          	   				"taxValue" : "50"
          	   			},
          	   			{
          	   				"taxName" :"RT",
          	   				"taxValue" : "150"
          	   			}
          	   		]
          		},
          		"commercialDetails":[{
          			 "commercialName": "Standard",
                              "commercialInitialAmount": 1850,
                              "commercialCalculationPercentage": 5,
                              "commercialCalculationAmount": 0,
                              "commercialAmount": 92.5,
                              "commercialTotalAmount": 1757.5,
                              "commercialCurrency": null,
                              "commercialFareComponent": "Basic,YQ",
                              "fareBreakUp": {
                                 "baseFare": 1710,
                                 "taxDetails": [{
                                    "taxName": "YQ",
                                    "taxValue": 47.5
                                 }]
                              }
                }
				]
          			}
          	 
	  	]
	  }
	  ]
        }]
		}}}},		  
    { "fire-all-rules" : {} },{"get-objects": {"out-identifier":"Response"}}
    
  ]
}</con:request><con:originalUri>http://localhost/kie-server/services/rest/server/containers/instances/ClientTransactionalRules</con:originalUri><con:credentials><con:username>kieserver</con:username><con:password>kieserver1!</con:password><con:selectedAuthProfile>Basic</con:selectedAuthProfile><con:addedBasicAuthenticationTypes>Basic</con:addedBasicAuthenticationTypes><con:authType>Global HTTP Settings</con:authType></con:credentials><con:jmsConfig JMSDeliveryMode="PERSISTENT"/><con:jmsPropertyConfig/><con:parameters/></con:request><con:request name="SingleHotel_MultipleRooms" id="a7a03a5a-c319-4e02-8458-44dfbe9e0ee3" mediaType="application/json" postQueryString="false"><con:settings><con:setting id="com.eviware.soapui.impl.wsdl.WsdlRequest@request-headers">&lt;xml-fragment/></con:setting></con:settings><con:endpoint>http://localhost:8080</con:endpoint><con:request>{ "lookup" : "kSession",
  "commands" : [ 
    
    { "insert" : {"out-identifier":"BusinessRuleIntake","return-object":false,"entry-point":"DEFAULT",
    "object":{"cnk.acco_commercialscalculationengine.clienttransactionalrules.Root":{
      
        "header":{
    		"transactionID":"12345",
    		"sessionId":"abc@123",
    		"operationName":"Search",
    		"userID":"Vasudha"
    		},
    	
      "businessRuleIntake": [
        {
          "commonElements": {
            "supplier": "GTA",
            "supplierMarket": "India",
            "productCategorySubType": "Hotels",
            "contractValidity": "2017-09-18T00:00:00",
            "productChain":"PC1",
            "productBrand":"PB1",
            "productName":"PN1",
            "clientType":"B2B",
            "clientGroup":"CG1",
            "clientName":"CN1",
            "rateType":"RT1",       
            "rateCode": "RC1"
          },
          "slabDetails" : [
          {
            "slabType": "TotalRevenue",
            "slabTypeValue": "1500"
          },
          {
            "slabType": "TotalPassengers",
            "slabTypeValue": "4500"
          }
        ],
       "advancedDefinition": {
       	 	"travelDate": "2017-09-16T00:00:00+05:30",
          	"salesDate":"2017-09-16T00:00:00+05:30",
          	"fromContinent":"Asia",
          	"fromCountry":"India",
          	"fromState":"Maharashtra",
          	"fromCity":"Mumbai",
          	"toContinent":"Asia",
          	"toCountry":"India",
          	"toState":"Karnataka",
          	"toCity":"Bangalore",
          	"roomCategory" :"RC1",
          	"roomType" : "Deluxe Studio",
          	"bookingType" : "Online",
          	"credentialsName" :"GTA",
          	"nationality":"Indian",
          	"passengerType" : "ADT"
      },
	  "entityDetails":[
	  {
		"entityType":"ClientType",
		"entityName":"CnKB2BIndEng",
		"entityMarket":"India"
	  },
	  {
		"entityType":"ClientType",
		"entityName":"CnKB2BIndEng",
		"entityMarket":"India",
		"parentEntityName":"CnKB2BIndEng"
	  }
	  ]
        }]
		}}}},		  
    { "fire-all-rules" : {} },{"get-objects": {"out-identifier":"Response"}}
    
  ]
}</con:request><con:originalUri>http://localhost/kie-server/services/rest/server/containers/instances/ClientTransactionalRules</con:originalUri><con:credentials><con:username>kieserver</con:username><con:password>kieserver1!</con:password><con:selectedAuthProfile>Basic</con:selectedAuthProfile><con:addedBasicAuthenticationTypes>Basic</con:addedBasicAuthenticationTypes><con:authType>Global HTTP Settings</con:authType></con:credentials><con:jmsConfig JMSDeliveryMode="PERSISTENT"/><con:jmsPropertyConfig/><con:parameters/></con:request><con:request name="Copy of SingleHotel_SingleRoom" id="a7a03a5a-c319-4e02-8458-44dfbe9e0ee3" mediaType="application/json" postQueryString="false"><con:settings><con:setting id="com.eviware.soapui.impl.wsdl.WsdlRequest@request-headers">&lt;xml-fragment/></con:setting></con:settings><con:endpoint>http://localhost:8080</con:endpoint><con:request>{ "lookup" : "kSession",
  "commands" : [ 
    
    { "insert" : {"out-identifier":"Root","return-object":false,"entry-point":"DEFAULT","object":{"cnk.acco_commercialscalculationengine.clienttransactionalrules.Root":
                {
            "header": {"operationName": "Book"},
            "businessRuleIntake": [            {
               "commonElements": {
            "supplier": "GTA",
            "supplierMarket": "India",
            "productCategorySubType": "Hotels",
            "contractValidity": "2017-09-18T00:00:00",
            "productChain":"PC1",
            "productBrand":"PB1",
            "productName":"PN1",
            "clientType":"B2B",
            "clientGroup":"CG1",
            "clientName":"CN1",
            "rateType":"RT1",       
            "rateCode": "RC1"
          },
               "entityDetails":[{
                               "entityType":"ClientType",
		"entityName":"CnKB2BIndEng",
		"entityMarket":"India"
                }],
              "advancedDefinition": {
       	 	"travelDate": "2017-09-16T00:00:00+05:30",
          	"salesDate":"2017-09-16T00:00:00+05:30",
          	"fromContinent":"Asia",
          	"fromCountry":"India",
          	"fromState":"Maharashtra",
          	"fromCity":"Mumbai",
          	"toContinent":"Asia",
          	"toCountry":"India",
          	"toState":"Karnataka",
          	"toCity":"Bangalore",
          	"roomCategory" :"RC1",
          	"roomType" : "Deluxe Studio",
          	"bookingType" : "Online",
          	"credentialsName" :"GTA",
          	"nationality":"Indian",
          	"passengerType" : "ADT"
      },
               "slabDetails": [               {
                  "slabType": "Total Revenue",
                  "slabTypeValue": 1300
               }],
               
               "hotelDetails": [               {
                  "productChain" :"Taj Group",
                
                  "roomDetails":                   [
                                          {
                        "roomType": "Double",
                        "totalFare": 2400,
                        "totalReceivables": 1364,
                        "totalPayables": 600,
                        "fareBreakUp":                         {
                           "baseFare": 2000,
                           "taxDetails":                            [
                                                            {
                                 "taxName": "YQ",
                                 "taxValue": 200
                              },
                                                            {
                                 "taxName": "RT",
                                 "taxValue": 200
                              }
                           ]
                        },
                        "commercialDetails":                         [
                                                      {
                              "commercialName": "Standard",
                              "commercialInitialAmount": 2000,
                              "commercialCalculationPercentage": 20,
                              "commercialCalculationAmount": 0,
                              "commercialAmount": 400,
                              "commercialTotalAmount": 1600,
                              "commercialFareComponent": "Basic",
                              "fareBreakUp":                               {
                                 "baseFare": 1600,
                                 "taxDetails":                                  [
                                                                        {
                                       "taxName": "YQ",
                                       "taxValue": 200
                                    },
                                                                        {
                                       "taxName": "RT",
                                       "taxValue": 200
                                    }
                                 ]
                              }
                           },
                                                      {
                              "commercialName": "SegmentFees",
                              "commercialInitialAmount": 2400,
                              "commercialCalculationPercentage": 10,
                              "commercialCalculationAmount": 0,
                              "commercialAmount": 240,
                              "commercialTotalAmount": 2160,
                              "commercialFareComponent": "Total",
                              "fareBreakUp":                               {
                                 "baseFare": 1800,
                                 "taxDetails":                                  [
                                                                        {
                                       "taxName": "YQ",
                                       "taxValue": 180
                                    },
                                                                        {
                                       "taxName": "RT",
                                       "taxValue": 180
                                    }
                                 ]
                              }
                           },
                                                      {
                              "commercialName": "ServiceCharge",
                              "commercialInitialAmount": 2000,
                              "commercialCalculationPercentage": 10,
                              "commercialCalculationAmount": 200,
                              "commercialAmount": 400,
                              "commercialTotalAmount": 2400,
                              "commercialCurrency": "INR",
                              "commercialFareComponent": "Basic",
                              "fareBreakUp":                               {
                                 "baseFare": 2400,
                                 "taxDetails":                                  [
                                                                        {
                                       "taxName": "YQ",
                                       "taxValue": 200
                                    },
                                                                        {
                                       "taxName": "RT",
                                       "taxValue": 200
                                    }
                                 ]
                              }
                           },
                                                      {
                              "commercialName": "IssuanceFees",
                              "commercialInitialAmount": 2000,
                              "commercialCalculationPercentage": 0,
                              "commercialCalculationAmount": 200,
                              "commercialAmount": 200,
                              "commercialTotalAmount": 2200,
                              "commercialCurrency": "INR",
                              "commercialFareComponent": "Basic",
                              "fareBreakUp":                               {
                                 "baseFare": 2200,
                                 "taxDetails":                                  [
                                                                        {
                                       "taxName": "YQ",
                                       "taxValue": 200
                                    },
                                                                        {
                                       "taxName": "RT",
                                       "taxValue": 200
                                    }
                                 ]
                              }
                           },
                                                      {
                              "commercialName": "ManagementFees",
                              "commercialInitialAmount": 2000,
                              "commercialCalculationPercentage": 0,
                              "commercialCalculationAmount": 100,
                              "commercialAmount": 100,
                              "commercialTotalAmount": 1900,
                              "commercialCurrency": "INR",
                              "commercialFareComponent": "Total",
                              "fareBreakUp":                               {
                                 "baseFare": 1900,
                                 "taxDetails":                                  [
                                                                        {
                                       "taxName": "YQ",
                                       "taxValue": 200
                                    },
                                                                        {
                                       "taxName": "RT",
                                       "taxValue": 200
                                    }
                                 ]
                              }
                           },
                                                      {
                              "commercialName": "DestinationIncentive",
                              "commercialInitialAmount": 400,
                              "commercialCalculationPercentage": 10,
                              "commercialCalculationAmount": 100,
                              "commercialAmount": 140,
                              "commercialTotalAmount": 260,
                              "commercialCurrency": "INR",
                              "commercialFareComponent": "YQ,RT",
                              "fareBreakUp":                               {
                                 "baseFare": 2000,
                                 "taxDetails":                                  [
                                                                        {
                                       "taxName": "YQ",
                                       "taxValue": 80
                                    },
                                                                        {
                                       "taxName": "RT",
                                       "taxValue": 80
                                    }
                                 ]
                              }
                           },
                                                      {
                              "commercialName": "Overriding",
                              "commercialInitialAmount": 1600,
                              "commercialCalculationPercentage": 10,
                              "commercialCalculationAmount": 200,
                              "commercialAmount": 360,
                              "commercialTotalAmount": 1240,
                              "commercialCurrency": "INR",
                              "commercialFareComponent": "Total",
                              "fareBreakUp":                               {
                                 "baseFare": 1240,
                                 "taxDetails":                                  [
                                                                        {
                                       "taxName": "YQ",
                                       "taxValue": 180
                                    },
                                                                        {
                                       "taxName": "RT",
                                       "taxValue": 180
                                    }
                                 ]
                              }
                           },
                                                      {
                              "commercialName": "PLB",
                              "commercialInitialAmount": 1240,
                              "commercialCalculationPercentage": 10,
                              "commercialCalculationAmount": 0,
                              "commercialAmount": 124,
                              "commercialTotalAmount": 1116,
                              "commercialFareComponent": "Basic",
                              "fareBreakUp":                               {
                                 "baseFare": 1116,
                                 "taxDetails":                                  [
                                                                        {
                                       "taxName": "YQ",
                                       "taxValue": 180
                                    },
                                                                        {
                                       "taxName": "RT",
                                       "taxValue": 180
                                    }
                                 ]
                              }
                           }
                        ]
                     }
                  ]
               }]
            }]
         }
                }}},
    { "fire-all-rules" : {} },{"get-objects": {"out-identifier":"Response"}}
  ]
}


</con:request><con:originalUri>http://localhost/kie-server/services/rest/server/containers/instances/ClientTransactionalRules</con:originalUri><con:credentials><con:username>kieserver</con:username><con:password>kieserver1!</con:password><con:selectedAuthProfile>Basic</con:selectedAuthProfile><con:addedBasicAuthenticationTypes>Basic</con:addedBasicAuthenticationTypes><con:authType>Global HTTP Settings</con:authType></con:credentials><con:jmsConfig JMSDeliveryMode="PERSISTENT"/><con:jmsPropertyConfig/><con:parameters/></con:request><con:request name="Copy of SingleHotel_SingleRoom" id="a7a03a5a-c319-4e02-8458-44dfbe9e0ee3" mediaType="application/json" postQueryString="false"><con:settings><con:setting id="com.eviware.soapui.impl.wsdl.WsdlRequest@request-headers">&lt;xml-fragment/></con:setting></con:settings><con:endpoint>http://localhost:8080</con:endpoint><con:request>{ "lookup" : "kSession",
  "commands" : [ 
    
    { "insert" : {"out-identifier":"BusinessRuleIntake","return-object":false,"entry-point":"DEFAULT",
    "object":{"cnk.acco_commercialscalculationengine.clienttransactionalrules.Root":{
      
        "header":{
    		"transactionID":"12345",
    		"sessionId":"abc@123",
    		"operationName":"Search",
    		"userID":"Vasudha"
    		},
    	
      "businessRuleIntake": [
        {
          "commonElements": {
            "supplier": "GTA",
            "supplierMarket": "India",
            "productCategorySubType": "Hotels",
            "contractValidity": "2017-09-18T00:00:00",
            "productChain":"PC1",
            "productBrand":"PB1",
            "productName":"PN1",
            "clientType":"B2B",
            "clientGroup":"CG1",
            "clientName":"CN1",
            "rateType":"RT1",       
            "rateCode": "RC1"
          },
          "slabDetails" : [
          {
            "slabType": "TotalRevenue",
            "slabTypeValue": "1500"
          },
          {
            "slabType": "TotalPassengers",
            "slabTypeValue": "4500"
          }
        ],
       "advancedDefinition": {
       	 	"travelDate": "2017-09-16T00:00:00+05:30",
          	"salesDate":"2017-09-16T00:00:00+05:30",
          	"fromContinent":"Asia",
          	"fromCountry":"India",
          	"fromState":"Maharashtra",
          	"fromCity":"Mumbai",
          	"toContinent":"Asia",
          	"toCountry":"India",
          	"toState":"Karnataka",
          	"toCity":"Bangalore",
          	"roomCategory" :"RC1",
          	"roomType" : "Deluxe Studio",
          	"bookingType" : "Online",
          	"credentialsName" :"GTA",
          	"nationality":"Indian",
          	"passengerType" : "ADT"
      },
	  "entityDetails":[
	  {
		"entityType":"ClientType",
		"entityName":"CnKB2BIndEng",
		"entityMarket":"India"
	  }	
	  ],
	  "hotelDetails":[
	  {
	  	"productChain" :"Taj Group",
	  	"ProductBrand" : "Taj India",
	  	"productName" :"Taj Vivanta",
	  	"roomDetails":[{
          		"roomCategory": "Deluxe Studio",
          		"roomType": "Double",
          		"passengerType" : "ADT",
          		"fareBreakUp": {
          	   		"baseFare" :"1800",
          	   		"totalFare" : "2000",
          	   		"taxDetails" :[
          	   			{
          	   				"taxName" :"YQ",
          	   				"taxValue" : "50"
          	   			},
          	   			{
          	   				"taxName" :"RT",
          	   				"taxValue" : "150"
          	   			}
          	   		]
          		},
          		"commercialDetails":[{
          			 "commercialName": "Standard",
                              "commercialInitialAmount": 1850,
                              "commercialCalculationPercentage": 5,
                              "commercialCalculationAmount": 0,
                              "commercialAmount": 92.5,
                              "commercialTotalAmount": 1757.5,
                              "commercialCurrency": null,
                              "commercialFareComponent": "Basic,YQ",
                              "fareBreakUp": {
                                 "baseFare": 1710,
                                 "taxDetails": [{
                                    "taxName": "YQ",
                                    "taxValue": 47.5
                                 }]
                              }
                }
				]
          			}
          	 
	  	]
	  }
	  ]
        }]
		}}}},		  
    { "fire-all-rules" : {} },{"get-objects": {"out-identifier":"Response"}}
    
  ]
}</con:request><con:originalUri>http://localhost/kie-server/services/rest/server/containers/instances/ClientTransactionalRules</con:originalUri><con:credentials><con:username>kieserver</con:username><con:password>kieserver1!</con:password><con:selectedAuthProfile>Basic</con:selectedAuthProfile><con:addedBasicAuthenticationTypes>Basic</con:addedBasicAuthenticationTypes><con:authType>Global HTTP Settings</con:authType></con:credentials><con:jmsConfig JMSDeliveryMode="PERSISTENT"/><con:jmsPropertyConfig/><con:parameters/></con:request></con:method></con:resource></con:interface><con:properties/><con:wssContainer/><con:oAuth2ProfileContainer/></con:soapui-project>