<?xml version="1.0" encoding="UTF-8"?>
<con:soapui-project id="8f2d16fa-1fcc-458c-94b2-679fd74b86ee" activeEnvironment="Default" name="Acco_CCE_Client_Settlement_Project" soapui-version="5.2.1" xmlns:con="http://eviware.com/soapui/config"><con:settings/><con:interface xsi:type="con:RestService" id="261e4b19-e908-4c90-80ca-6eb9d02880bf" wadlVersion="http://wadl.dev.java.net/2009/02" name="http://localhost:8080" type="rest" xmlns:xsi="http://www.w3.org/2001/XMLSchema-instance"><con:settings/><con:definitionCache/><con:endpoints><con:endpoint>http://localhost:8080</con:endpoint></con:endpoints><con:resource name="SupplierSettlementRules" path="/kie-server/services/rest/server/containers/instances/SupplierSettlementRules" id="507fd709-9d1b-4b14-b673-0518960b5060"><con:settings/><con:parameters/><con:method name="SupplierSettlementRules" id="ec83383b-f651-4db9-8153-b989cdfc7b53" method="POST"><con:settings/><con:parameters/><con:representation type="FAULT"><con:mediaType xsi:nil="true"/><con:status>405</con:status><con:params/><con:element>data</con:element></con:representation><con:representation type="REQUEST"><con:mediaType>application/json</con:mediaType><con:params/></con:representation><con:representation type="RESPONSE"><con:mediaType>application/json</con:mediaType><con:status>200</con:status><con:params/><con:element xmlns:sup="http://localhost/kie-server/services/rest/server/containers/SupplierSettlementRules">sup:Response</con:element></con:representation><con:request name="IncentiveOnTopUp" id="559cfb5b-82ef-42d8-b946-937f96028cec" mediaType="application/json" postQueryString="false"><con:settings><con:setting id="com.eviware.soapui.impl.wsdl.WsdlRequest@request-headers">&lt;xml-fragment/></con:setting></con:settings><con:endpoint>http://localhost:8080</con:endpoint><con:request>{ "lookup" : "kSession",
  "commands" : [ 
    
    { "insert" : {"out-identifier":"BusinessRuleIntake","return-object":false,"entry-point":"DEFAULT",
    "object":{"cnk.acco_commercialscalculationengine.clientsettlementrules.Root":{
      
        "header":{
    		"transactionID":"12345",
    		"sessionID":"abc@123",
    		"operationName":"Search",
    		"userID":"Vasudha"
    		},
    	
      "businessRuleIntake": [
        {
          "commonElements": {
            "supplier": "GTA",
            "supplierMarket": "India",
            "contractValidity": "2017-02-10T00:00:00+05:30",
            "productCategorySubType": "Hotels",
            "clientType":"B2B",
            "clientGroup":"TravelAgent",
            "clientName":"AkbarTravels",
            "iatanumber":"123455"	
          },
		  "entityDetails":
	  {
		"entityType":"ClientType",
		"entityName":"CnKB2BIndEng",
		"entityMarket":"India"
	  },
          "slabDetails" : [
          {
            "slabType": "TotalRevenue",
            "slabTypeValue": "1500"
          },
          {
            "slabType": "TotalPassengers",
            "slabTypeValue": "4500"
          }
        ],
      "advancedDefinition": {
        "travelDate": "2017-04-10T00:00:00+05:30",
        "salesDate":"2017-09-16T00:00:00+05:30",
        "fromContinent": "Asia",
        "fromCountry": "India",
        "fromState": "Maharashtra",
        "fromCity": "Mumbai",
        "viaContinent": "Asia",
        "viaCountry": "India",
        "viaState": "Maharashtra",
        "viaCity": "Pune",
        "toContinent": "Asia",
        "toCountry": "India",
        "toState": "Karnataka",
        "toCity": "Bangalore",
        "connectivitySupplierType": null,        
        "connectivitySupplier": null,
        "credentialsName": "GTA",
        "bookingType": "Online"
      },
      	"incentiveOnTopUp": {
            "modeofPayment": "CreditCard",
            "bankName": "ICICI Bank",
            "incentiveCurrency": "INR",
            "incentiveAmount": "100000",
            "topUpDateTime": "2017-09-25T16:10:00+05:30",
            "incentiveRateType": "RT1",
            "incentiveRateCode": "RC1"
         }
        }       
        ]	
        }}}},
    { "fire-all-rules" : {} },{"get-objects": {"out-identifier":"Response"}}
  ]
}</con:request><con:originalUri>http://localhost/kie-server/services/rest/server/containers/SupplierSettlementRules</con:originalUri><con:credentials><con:username>kieserver</con:username><con:password>kieserver1!</con:password><con:selectedAuthProfile>Basic</con:selectedAuthProfile><con:addedBasicAuthenticationTypes>Basic</con:addedBasicAuthenticationTypes><con:authType>Global HTTP Settings</con:authType></con:credentials><con:jmsConfig JMSDeliveryMode="PERSISTENT"/><con:jmsPropertyConfig/><con:parameters/></con:request><con:request name="CompleteRequest_AllCommercials" id="559cfb5b-82ef-42d8-b946-937f96028cec" mediaType="application/json" postQueryString="false"><con:settings><con:setting id="com.eviware.soapui.impl.wsdl.WsdlRequest@request-headers">&lt;xml-fragment/></con:setting></con:settings><con:endpoint>http://localhost:8080</con:endpoint><con:request>{ "lookup" : "kSession",
  "commands" : [ 
    
    { "insert" : {"out-identifier":"BusinessRuleIntake","return-object":false,"entry-point":"DEFAULT",
    "object":{"cnk.acco_commercialscalculationengine.clientsettlementrules.Root":{
      
        "header":{
    		"transactionID":"12345",
    		"sessionID":"abc@123",
    		"operationName":"Search",
    		"userID":"Vasudha"
    		},
    	
      "businessRuleIntake": [
        {
          "commonElements": {
            "supplier": "GTA",
            "supplierMarket": "India",
            "contractValidity": "2017-02-10T00:00:00+05:30",
            "productCategorySubType": "Hotels",
            "clientType":"B2B",
            "clientGroup":"TravelAgent",
            "clientName":"AkbarTravels",
            "iatanumber":"123455"	
          },
		  "entityDetails":
	  {
		"entityType":"ClientType",
		"entityName":"CnKB2BIndEng",
		"entityMarket":"India"
	  },
          "slabDetails" : [
          {
            "slabType": "TotalRevenue",
            "slabTypeValue": "1500"
          },
          {
            "slabType": "TotalPassengers",
            "slabTypeValue": "4500"
          }
        ],
      "advancedDefinition": {
        "salesDate":"2017-09-16T00:00:00+05:30",
        "travelDate": "2017-04-10T00:00:00+05:30",
        "fromContinent": "Asia",
        "fromCountry": "India",
        "fromCity": "Mumbai",
        "viaContinent": "Asia",
        "viaCountry": "India",
        "viaCity": "Chennai",
        "toContinent": "Asia",
        "toCountry": "India",
        "toCity": "Delhi",
        "connectivitySupplierType": null,        
        "connectivitySupplier": null,
        "credentialsName": "GTA",
        "bookingType": "Online"
      },
      	"incentiveOnTopUp": {
            "modeofPayment": "CreditCard",
            "bankName": "ICICI Bank",
            "incentiveCurrency": "INR",
            "incentiveAmount": "100000",
            "topUpDateTime": "2017-09-25T16:10:00+05:30",
            "incentiveRateType": "RT1",
            "incentiveRateCode": "RC1"
         },
        "penaltyFee": {
            "slabDetails" :[
            {
               "slabType": "TotalTurnOver",
               "slabTypeValue": "800"
            },
            {
               "slabType": "NumberOfBookings",
               "slabTypeValue": "700"
            }
           ]
        },
       "integrationFee":{
		"otherFees" : {
        	"feeDetails" :
        [
            {
               "commercialName": "IntegrationFee",
               "commercialAmount": "500"
            },
            {
               "commercialName": "LicenceFee",
               "commercialAmount": "1200"
            }
         ]
		 }
        }  }       
        ]	
        }}}},
    { "fire-all-rules" : {} },{"get-objects": {"out-identifier":"Response"}}
  ]
}</con:request><con:originalUri>http://localhost/kie-server/services/rest/server/containers/SupplierSettlementRules</con:originalUri><con:credentials><con:username>kieserver</con:username><con:password>kieserver1!</con:password><con:selectedAuthProfile>Basic</con:selectedAuthProfile><con:addedBasicAuthenticationTypes>Basic</con:addedBasicAuthenticationTypes><con:authType>Global HTTP Settings</con:authType></con:credentials><con:jmsConfig JMSDeliveryMode="PERSISTENT"/><con:jmsPropertyConfig/><con:parameters/></con:request><con:request name="LicenceFee" id="559cfb5b-82ef-42d8-b946-937f96028cec" mediaType="application/json" postQueryString="false"><con:settings><con:setting id="com.eviware.soapui.impl.wsdl.WsdlRequest@request-headers">&lt;xml-fragment/></con:setting></con:settings><con:endpoint>http://localhost:8080</con:endpoint><con:request>{ "lookup" : "kSession",
  "commands" : [ 
    
    { "insert" : {"out-identifier":"BusinessRuleIntake","return-object":false,"entry-point":"DEFAULT",
    "object":{"cnk.acco_commercialscalculationengine.clientsettlementrules.Root":{
      
        "header":{
    		"transactionID":"12345",
    		"sessionID":"abc@123",
    		"operationName":"Search",
    		"userID":"Vasudha"
    		},
    	
      "businessRuleIntake": [
        {
          "commonElements": {
            "supplier": "GTA",
            "supplierMarket": "India",
            "contractValidity": "2017-02-10T00:00:00+05:30",
            "productCategorySubType": "Hotels",
            "clientType":"B2B",
            "clientGroup":"TravelAgent",
            "clientName":"AkbarTravels",
            "iatanumber":"123455"	
          },
		  "entityDetails":
	  {
		"entityType":"ClientType",
		"entityName":"CnKB2BIndEng",
		"entityMarket":"India"
	  },
          "slabDetails" : [
          {
            "slabType": "TotalRevenue",
            "slabTypeValue": "1500"
          },
          {
            "slabType": "TotalPassengers",
            "slabTypeValue": "4500"
          }
        ],
      "advancedDefinition": {
        "travelDate": "2017-04-10T00:00:00+05:30",
        "salesDate":"2017-09-16T00:00:00+05:30",
        "fromContinent": "Asia",
        "fromCountry": "India",
        "fromState": "Maharashtra",
        "fromCity": "Mumbai",
        "viaContinent": "Asia",
        "viaCountry": "India",
        "viaState": "Maharashtra",
        "viaCity": "Pune",
        "toContinent": "Asia",
        "toCountry": "India",
        "toState": "Karnataka",
        "toCity": "Bangalore",
        "connectivitySupplierType": null,        
        "connectivitySupplier": null,
        "credentialsName": "GTA",
        "bookingType": "Online"
      },
      	"licenceFee":{
		"otherFees" : {
        	"feeDetails" :
        [
            {
               "commercialName": "IntegrationFee",
               "commercialAmount": "500"
            },
            {
               "commercialName": "LicenceFee",
               "commercialAmount": "1200"
            }
         ]
		 }
        }
        }       
        ]	
        }}}},
    { "fire-all-rules" : {} },{"get-objects": {"out-identifier":"Response"}}
  ]
}</con:request><con:originalUri>http://localhost/kie-server/services/rest/server/containers/SupplierSettlementRules</con:originalUri><con:credentials><con:username>kieserver</con:username><con:password>kieserver1!</con:password><con:selectedAuthProfile>Basic</con:selectedAuthProfile><con:addedBasicAuthenticationTypes>Basic</con:addedBasicAuthenticationTypes><con:authType>Global HTTP Settings</con:authType></con:credentials><con:jmsConfig JMSDeliveryMode="PERSISTENT"/><con:jmsPropertyConfig/><con:parameters/></con:request><con:request name="PenaltyFee" id="559cfb5b-82ef-42d8-b946-937f96028cec" mediaType="application/json" postQueryString="false"><con:settings><con:setting id="com.eviware.soapui.impl.wsdl.WsdlRequest@request-headers">&lt;xml-fragment/></con:setting></con:settings><con:endpoint>http://localhost:8080</con:endpoint><con:request>{ "lookup" : "kSession",
  "commands" : [ 
    
    { "insert" : {"out-identifier":"BusinessRuleIntake","return-object":false,"entry-point":"DEFAULT",
    "object":{"cnk.acco_commercialscalculationengine.clientsettlementrules.Root":{
      
        "header":{
    		"transactionID":"12345",
    		"sessionID":"abc@123",
    		"operationName":"Search",
    		"userID":"Vasudha"
    		},
    	
      "businessRuleIntake": [
        {
          "commonElements": {
            "supplier": "GTA",
            "supplierMarket": "India",
            "contractValidity": "2017-02-10T00:00:00+05:30",
            "productCategorySubType": "Hotels",
            "clientType":"B2B",
            "clientGroup":"TravelAgent",
            "clientName":"AkbarTravels",
            "iatanumber":"123455"	
          },
		  "entityDetails":
	  {
		"entityType":"ClientType",
		"entityName":"CnKB2BIndEng",
		"entityMarket":"India"
	  },
          "slabDetails" : [
          {
            "slabType": "TotalRevenue",
            "slabTypeValue": "1500"
          },
          {
            "slabType": "TotalPassengers",
            "slabTypeValue": "4500"
          }
        ],
      "advancedDefinition": {
        "travelDate": "2017-04-10T00:00:00+05:30",
        "salesDate":"2017-09-16T00:00:00+05:30",
        "fromContinent": "Asia",
        "fromCountry": "India",
        "fromState": "Maharashtra",
        "fromCity": "Mumbai",
        "viaContinent": "Asia",
        "viaCountry": "India",
        "viaState": "Maharashtra",
        "viaCity": "Pune",
        "toContinent": "Asia",
        "toCountry": "India",
        "toState": "Karnataka",
        "toCity": "Bangalore",
        "connectivitySupplierType": null,        
        "connectivitySupplier": null,
        "credentialsName": "GTA",
        "bookingType": "Online"
      },
      	  "penaltyFee": {
            "slabDetails" :[
            {
               "slabType": "TotalTurnOver",
               "slabTypeValue": "600"
            },
            {
               "slabType": "NumberOfBookings",
               "slabTypeValue": "700"
            }
           ]
        }
      
        }       
        ]	
        }}}},
    { "fire-all-rules" : {} },{"get-objects": {"out-identifier":"Response"}}
  ]
}</con:request><con:originalUri>http://localhost/kie-server/services/rest/server/containers/SupplierSettlementRules</con:originalUri><con:credentials><con:username>kieserver</con:username><con:password>kieserver1!</con:password><con:selectedAuthProfile>Basic</con:selectedAuthProfile><con:addedBasicAuthenticationTypes>Basic</con:addedBasicAuthenticationTypes><con:authType>Global HTTP Settings</con:authType></con:credentials><con:jmsConfig JMSDeliveryMode="PERSISTENT"/><con:jmsPropertyConfig/><con:parameters/></con:request><con:request name="IntegrationFee" id="559cfb5b-82ef-42d8-b946-937f96028cec" mediaType="application/json" postQueryString="false"><con:settings><con:setting id="com.eviware.soapui.impl.wsdl.WsdlRequest@request-headers">&lt;xml-fragment/></con:setting></con:settings><con:endpoint>http://localhost:8080</con:endpoint><con:request>{
	"lookup": "kSession",
	"commands": [

		{
			"insert": {
				"out-identifier": "BusinessRuleIntake",
				"return-object": false,
				"entry-point": "DEFAULT",
				"object": {
					"cnk.acco_commercialscalculationengine.clientsettlementrules.Root": {

						"header": {
							"transactionID": "12345",
							"sessionID": "abc@123",
							"operationName": "Search",
							"userID": "Vasudha"
						},

						"businessRuleIntake": [{
								"commonElements": {
									"supplier": "GTA",
									"supplierMarket": "India",
									"contractValidity": "2017-02-10T00:00:00+05:30",
									"productCategorySubType": "Hotels",
									"clientType": "B2B",
									"clientGroup": "TravelAgent",
									"clientName": "AkbarTravels",
									"iatanumber": "123455"
								},
								"entityDetails": {
									"entityType": "ClientType",
									"entityName": "CnKB2BIndEng",
									"entityMarket": "India"
								},
								"slabDetails": [{
										"slabType": "TotalRevenue",
										"slabTypeValue": "1500"
									},
									{
										"slabType": "TotalPassengers",
										"slabTypeValue": "4500"
									}
								],
								"advancedDefinition": {
									"travelDate": "2017-04-10T00:00:00+05:30",
									"salesDate": "2017-09-16T00:00:00+05:30",
									"fromContinent": "Asia",
									"fromCountry": "India",
									"fromState": "Maharashtra",
									"fromCity": "Mumbai",
									"viaContinent": "Asia",
									"viaCountry": "India",
									"viaState": "Maharashtra",
									"viaCity": "Pune",
									"toContinent": "Asia",
									"toCountry": "India",
									"toState": "Karnataka",
									"toCity": "Bangalore",
									"connectivitySupplierType": null,
									"connectivitySupplier": null,
									"credentialsName": "GTA",
									"bookingType": "Online"
								},
								"integrationFee": {
									"otherFees": {
										"feeDetails": [{
												"commercialName": "IntegrationFee",
												"commercialAmount": "500"
											},
											{
												"commercialName": "LicenceFee",
												"commercialAmount": "1200"
											}
										]
									}
								}
							

						}
					]
				}
			}
		}
	},
	{
		"fire-all-rules": {}
	},
	{
		"get-objects": {
			"out-identifier": "Response"
		}
	}
]
}</con:request><con:originalUri>http://localhost/kie-server/services/rest/server/containers/SupplierSettlementRules</con:originalUri><con:credentials><con:username>kieserver</con:username><con:password>kieserver1!</con:password><con:selectedAuthProfile>Basic</con:selectedAuthProfile><con:addedBasicAuthenticationTypes>Basic</con:addedBasicAuthenticationTypes><con:authType>Global HTTP Settings</con:authType></con:credentials><con:jmsConfig JMSDeliveryMode="PERSISTENT"/><con:jmsPropertyConfig/><con:parameters/></con:request><con:request name="TrainingFee" id="559cfb5b-82ef-42d8-b946-937f96028cec" mediaType="application/json" postQueryString="false"><con:settings><con:setting id="com.eviware.soapui.impl.wsdl.WsdlRequest@request-headers">&lt;xml-fragment/></con:setting></con:settings><con:endpoint>http://localhost:8080</con:endpoint><con:request>{
	"lookup": "kSession",
	"commands": [

		{
			"insert": {
				"out-identifier": "BusinessRuleIntake",
				"return-object": false,
				"entry-point": "DEFAULT",
				"object": {
					"cnk.acco_commercialscalculationengine.clientsettlementrules.Root": {

						"header": {
							"transactionID": "12345",
							"sessionID": "abc@123",
							"operationName": "Search",
							"userID": "Vasudha"
						},

						"businessRuleIntake": [{
								"commonElements": {
									"supplier": "GTA",
									"supplierMarket": "India",
									"contractValidity": "2017-02-10T00:00:00+05:30",
									"productCategorySubType": "Hotels",
									"clientType": "B2B",
									"clientGroup": "TravelAgent",
									"clientName": "AkbarTravels",
									"iatanumber": "123455"
								},
								"entityDetails": {
									"entityType": "ClientType",
									"entityName": "CnKB2BIndEng",
									"entityMarket": "India"
								},
								"slabDetails": [{
										"slabType": "TotalRevenue",
										"slabTypeValue": "1500"
									},
									{
										"slabType": "TotalPassengers",
										"slabTypeValue": "4500"
									}
								],
								"advancedDefinition": {
									"travelDate": "2017-04-10T00:00:00+05:30",
									"salesDate": "2017-09-16T00:00:00+05:30",
									"fromContinent": "Asia",
									"fromCountry": "India",
									"fromState": "Maharashtra",
									"fromCity": "Mumbai",
									"viaContinent": "Asia",
									"viaCountry": "India",
									"viaState": "Maharashtra",
									"viaCity": "Pune",
									"toContinent": "Asia",
									"toCountry": "India",
									"toState": "Karnataka",
									"toCity": "Bangalore",
									"connectivitySupplierType": null,
									"connectivitySupplier": null,
									"credentialsName": "GTA",
									"bookingType": "Online"
								},
								"trainingFee": {
									"otherFees": {
										"feeDetails": [{
												"commercialName": "IntegrationFee",
												"commercialAmount": "500"
											},
											{
												"commercialName": "LicenceFee",
												"commercialAmount": "1200"
											}
										]
									}
								}
							

						}
					]
				}
			}
		}
	},
	{
		"fire-all-rules": {}
	},
	{
		"get-objects": {
			"out-identifier": "Response"
		}
	}
]
}</con:request><con:originalUri>http://localhost/kie-server/services/rest/server/containers/SupplierSettlementRules</con:originalUri><con:credentials><con:username>kieserver</con:username><con:password>kieserver1!</con:password><con:selectedAuthProfile>Basic</con:selectedAuthProfile><con:addedBasicAuthenticationTypes>Basic</con:addedBasicAuthenticationTypes><con:authType>Global HTTP Settings</con:authType></con:credentials><con:jmsConfig JMSDeliveryMode="PERSISTENT"/><con:jmsPropertyConfig/><con:parameters/></con:request><con:request name="WebServiceFee" id="559cfb5b-82ef-42d8-b946-937f96028cec" mediaType="application/json" postQueryString="false"><con:settings><con:setting id="com.eviware.soapui.impl.wsdl.WsdlRequest@request-headers">&lt;xml-fragment/></con:setting></con:settings><con:endpoint>http://localhost:8080</con:endpoint><con:request>{
	"lookup": "kSession",
	"commands": [

		{
			"insert": {
				"out-identifier": "BusinessRuleIntake",
				"return-object": false,
				"entry-point": "DEFAULT",
				"object": {
					"cnk.acco_commercialscalculationengine.clientsettlementrules.Root": {

						"header": {
							"transactionID": "12345",
							"sessionID": "abc@123",
							"operationName": "Search",
							"userID": "Vasudha"
						},

						"businessRuleIntake": [{
							"commonElements": {
								"supplier": "GTA",
								"contractValidity": "2017-02-10T00:00:00+05:30"
							},
							"entityDetails": {
								"entityType": "ClientType",
								"entityName": "CnKB2BIndEng",
								"entityMarket": "India"
							},
							"advancedDefinition": {
								"travelDate": "2017-04-10T00:00:00+05:30",
								"salesDate": "2017-09-16T00:00:00+05:30",
								"fromContinent": "Asia",
								"fromCountry": "India",
								"fromState": "Maharashtra",
								"fromCity": "Mumbai",
								"viaContinent": "Asia",
								"viaCountry": "India",
								"viaState": "Maharashtra",
								"viaCity": "Pune",
								"toContinent": "Asia",
								"toCountry": "India",
								"toCity": "Delhi",
								"connectivitySupplierType": null,
								"connectivitySupplier": null,
								"credentialsName": "GTA",
								"bookingType": "Online"
							},
							"webServiceFee": {
								"otherFees": {
									"feeDetails": [{
											"commercialName": "IntegrationFee",
											"commercialAmount": "500"
										},
										{
											"commercialName": "LicenceFee",
											"commercialAmount": "1200"
										}
									]
								}
							}


						}]
					}
				}
			}
		},
		{
			"fire-all-rules": {}
		},
		{
			"get-objects": {
				"out-identifier": "Response"
			}
		}
	]
}</con:request><con:originalUri>http://localhost/kie-server/services/rest/server/containers/SupplierSettlementRules</con:originalUri><con:credentials><con:username>kieserver</con:username><con:password>kieserver1!</con:password><con:selectedAuthProfile>Basic</con:selectedAuthProfile><con:addedBasicAuthenticationTypes>Basic</con:addedBasicAuthenticationTypes><con:authType>Global HTTP Settings</con:authType></con:credentials><con:jmsConfig JMSDeliveryMode="PERSISTENT"/><con:jmsPropertyConfig/><con:parameters/></con:request><con:request name="TerminationFee" id="559cfb5b-82ef-42d8-b946-937f96028cec" mediaType="application/json" postQueryString="false"><con:settings><con:setting id="com.eviware.soapui.impl.wsdl.WsdlRequest@request-headers">&lt;xml-fragment/></con:setting></con:settings><con:endpoint>http://localhost:8080</con:endpoint><con:request>{
	"lookup": "kSession",
	"commands": [

		{
			"insert": {
				"out-identifier": "BusinessRuleIntake",
				"return-object": false,
				"entry-point": "DEFAULT",
				"object": {
					"cnk.acco_commercialscalculationengine.clientsettlementrules.Root": {

						"header": {
							"transactionID": "12345",
							"sessionID": "abc@123",
							"operationName": "Search",
							"userID": "Vasudha"
						},
						"businessRuleIntake": [{
							"commonElements": {
								"supplier": "GTA",
								"contractValidity": "2017-02-10T00:00:00+05:30"
							},
							"entityDetails": {
								"entityType": "ClientType",
								"entityName": "CnKB2BIndEng",
								"entityMarket": "India"
							},
							"terminationFee": {
								"returnableCommercialHead": [{
										"commercialName": "SegmentFees",
										"commercialAmount": "700"
									},
									{
										"commercialName": "ServiceCharge",
										"commercialAmount": "1000"
									}
								]
							}


						}]
					}
				}
			}
		},
		{
			"fire-all-rules": {}
		},
		{
			"get-objects": {
				"out-identifier": "Response"
			}
		}
	]
}</con:request><con:originalUri>http://localhost/kie-server/services/rest/server/containers/SupplierSettlementRules</con:originalUri><con:credentials><con:username>kieserver</con:username><con:password>kieserver1!</con:password><con:selectedAuthProfile>Basic</con:selectedAuthProfile><con:addedBasicAuthenticationTypes>Basic</con:addedBasicAuthenticationTypes><con:authType>Global HTTP Settings</con:authType></con:credentials><con:jmsConfig JMSDeliveryMode="PERSISTENT"/><con:jmsPropertyConfig/><con:parameters/></con:request><con:request name="SignupFee" id="920566c8-e684-491b-8b1a-9553bc7aaca1" mediaType="application/json" postQueryString="false"><con:settings><con:setting id="com.eviware.soapui.impl.wsdl.WsdlRequest@request-headers">&lt;xml-fragment/></con:setting></con:settings><con:endpoint>http://localhost:8080</con:endpoint><con:request>{
	"lookup": "kSession",
	"commands": [

		{
			"insert": {
				"out-identifier": "BusinessRuleIntake",
				"return-object": false,
				"entry-point": "DEFAULT",
				"object": {
					"cnk.acco_commercialscalculationengine.clientsettlementrules.Root": {

						"header": {
							"transactionID": "12345",
							"sessionID": "abc@123",
							"operationName": "Search",
							"userID": "Vasudha"
						},
						"businessRuleIntake": [{
								"commonElements": {
									"supplier": "GTA",
									"contractValidity": "2017-02-10T00:00:00+05:30"
								},
								"entityDetails": {
									"entityType": "ClientType",
									"entityName": "CnKB2BIndEng",
									"entityMarket": "India"
								},
								"advancedDefinition": {
									"salesDate": "2017-09-16T00:00:00+05:30",
									"travelDate": "2017-04-10T00:00:00+05:30",
									"fromContinent": "Asia",
									"fromCountry": "India",
									"fromCity": "Mumbai",
									"viaContinent": "Asia",
									"viaCountry": "India",
									"viaCity": "Chennai",
									"toContinent": "Asia",
									"toCountry": "India",
									"toCity": "Delhi",
									"connectivitySupplierType": null,
									"connectivitySupplier": null,
									"credentialsName": "GTA",
									"bookingType": "Online"
								},
							
							"signUpFee": {
								"otherFees": {
									"feeDetails": [{
											"commercialName": "IntegrationFee",
											"commercialAmount": "500"
										},
										{
											"commercialName": "LicenceFee",
											"commercialAmount": "1200"
										}
									]
								}
							}
						}]
				}
			}
		}
	},
	{
		"fire-all-rules": {}
	},
	{
		"get-objects": {
			"out-identifier": "Response"
		}
	}
]
}</con:request><con:originalUri>http://localhost/kie-server/services/rest/server/containers/instances/SupplierSettlementRules</con:originalUri><con:credentials><con:username>kieserver</con:username><con:password>kieserver1!</con:password><con:selectedAuthProfile>Basic</con:selectedAuthProfile><con:addedBasicAuthenticationTypes>Basic</con:addedBasicAuthenticationTypes><con:authType>Global HTTP Settings</con:authType></con:credentials><con:jmsConfig JMSDeliveryMode="PERSISTENT"/><con:jmsPropertyConfig/><con:parameters/></con:request><con:request name="SignupBonus" id="920566c8-e684-491b-8b1a-9553bc7aaca1" mediaType="application/json" postQueryString="false"><con:settings><con:setting id="com.eviware.soapui.impl.wsdl.WsdlRequest@request-headers">&lt;xml-fragment/></con:setting></con:settings><con:endpoint>http://localhost:8080</con:endpoint><con:request>{
	"lookup": "kSession",
	"commands": [

		{
			"insert": {
				"out-identifier": "BusinessRuleIntake",
				"return-object": false,
				"entry-point": "DEFAULT",
				"object": {
					"cnk.acco_commercialscalculationengine.clientsettlementrules.Root": {

						"header": {
							"transactionID": "12345",
							"sessionID": "abc@123",
							"operationName": "Search",
							"userID": "Vasudha"
						},
						"businessRuleIntake": [{
							"commonElements": {
								"supplier": "GTA",
								"contractValidity": "2017-02-10T00:00:00+05:30"
							},
							"entityDetails": {
								"entityType": "ClientType",
								"entityName": "CnKB2BIndEng",
								"entityMarket": "India"
							},
							"terminationFee": {
								"returnableCommercialHead": [{
										"commercialName": "SegmentFees",
										"commercialAmount": "700"
									},
									{
										"commercialName": "ServiceCharge",
										"commercialAmount": "1000"
									}
								]
							}


						}]
					}
				}
			}
		},
		{
			"fire-all-rules": {}
		},
		{
			"get-objects": {
				"out-identifier": "Response"
			}
		}
	]
}</con:request><con:originalUri>http://localhost/kie-server/services/rest/server/containers/instances/SupplierSettlementRules</con:originalUri><con:credentials><con:username>kieserver</con:username><con:password>kieserver1!</con:password><con:selectedAuthProfile>Basic</con:selectedAuthProfile><con:addedBasicAuthenticationTypes>Basic</con:addedBasicAuthenticationTypes><con:authType>Global HTTP Settings</con:authType></con:credentials><con:jmsConfig JMSDeliveryMode="PERSISTENT"/><con:jmsPropertyConfig/><con:parameters/></con:request><con:request name="RetainerFee" id="920566c8-e684-491b-8b1a-9553bc7aaca1" mediaType="application/json" postQueryString="false"><con:settings><con:setting id="com.eviware.soapui.impl.wsdl.WsdlRequest@request-headers">&lt;xml-fragment/></con:setting></con:settings><con:endpoint>http://localhost:8080</con:endpoint><con:request>{
	"lookup": "kSession",
	"commands": [

		{
			"insert": {
				"out-identifier": "BusinessRuleIntake",
				"return-object": false,
				"entry-point": "DEFAULT",
				"object": {
					"cnk.acco_commercialscalculationengine.clientsettlementrules.Root": {

						"header": {
							"transactionID": "12345",
							"sessionID": "abc@123",
							"operationName": "Search",
							"userID": "Vasudha"
						},
						"businessRuleIntake": [{
							"commonElements": {
								"supplier": "GTA",
								"contractValidity": "2017-02-10T00:00:00+05:30"
							},
							"entityDetails": {
								"entityType": "ClientType",
								"entityName": "CnKB2BIndEng",
								"entityMarket": "India"
							},
							"terminationFee": {
								"returnableCommercialHead": [{
										"commercialName": "SegmentFees",
										"commercialAmount": "700"
									},
									{
										"commercialName": "ServiceCharge",
										"commercialAmount": "1000"
									}
								]
							}


						}]
					}
				}
			}
		},
		{
			"fire-all-rules": {}
		},
		{
			"get-objects": {
				"out-identifier": "Response"
			}
		}
	]
}</con:request><con:originalUri>http://localhost/kie-server/services/rest/server/containers/instances/SupplierSettlementRules</con:originalUri><con:credentials><con:username>kieserver</con:username><con:password>kieserver1!</con:password><con:selectedAuthProfile>Basic</con:selectedAuthProfile><con:addedBasicAuthenticationTypes>Basic</con:addedBasicAuthenticationTypes><con:authType>Global HTTP Settings</con:authType></con:credentials><con:jmsConfig JMSDeliveryMode="PERSISTENT"/><con:jmsPropertyConfig/><con:parameters/></con:request><con:request name="RemittanceFee" id="920566c8-e684-491b-8b1a-9553bc7aaca1" mediaType="application/json" postQueryString="false"><con:settings><con:setting id="com.eviware.soapui.impl.wsdl.WsdlRequest@request-headers">&lt;xml-fragment/></con:setting></con:settings><con:endpoint>http://localhost:8080</con:endpoint><con:request>{
	"lookup": "kSession",
	"commands": [

		{
			"insert": {
				"out-identifier": "BusinessRuleIntake",
				"return-object": false,
				"entry-point": "DEFAULT",
				"object": {
					"cnk.acco_commercialscalculationengine.clientsettlementrules.Root": {

						"header": {
							"transactionID": "12345",
							"sessionID": "abc@123",
							"operationName": "Search",
							"userID": "Vasudha"
						},
						"businessRuleIntake": [{
							"commonElements": {
								"supplier": "GTA",
								"contractValidity": "2017-02-10T00:00:00+05:30"
							},
							"entityDetails": {
								"entityType": "ClientType",
								"entityName": "CnKB2BIndEng",
								"entityMarket": "India"
							},
							"terminationFee": {
								"returnableCommercialHead": [{
										"commercialName": "SegmentFees",
										"commercialAmount": "700"
									},
									{
										"commercialName": "ServiceCharge",
										"commercialAmount": "1000"
									}
								]
							}


						}]
					}
				}
			}
		},
		{
			"fire-all-rules": {}
		},
		{
			"get-objects": {
				"out-identifier": "Response"
			}
		}
	]
}</con:request><con:originalUri>http://localhost/kie-server/services/rest/server/containers/instances/SupplierSettlementRules</con:originalUri><con:credentials><con:username>kieserver</con:username><con:password>kieserver1!</con:password><con:selectedAuthProfile>Basic</con:selectedAuthProfile><con:addedBasicAuthenticationTypes>Basic</con:addedBasicAuthenticationTypes><con:authType>Global HTTP Settings</con:authType></con:credentials><con:jmsConfig JMSDeliveryMode="PERSISTENT"/><con:jmsPropertyConfig/><con:parameters/></con:request><con:request name="PreferrenceBenefit" id="920566c8-e684-491b-8b1a-9553bc7aaca1" mediaType="application/json" postQueryString="false"><con:settings><con:setting id="com.eviware.soapui.impl.wsdl.WsdlRequest@request-headers">&lt;xml-fragment/></con:setting></con:settings><con:endpoint>http://localhost:8080</con:endpoint><con:request>{
	"lookup": "kSession",
	"commands": [

		{
			"insert": {
				"out-identifier": "BusinessRuleIntake",
				"return-object": false,
				"entry-point": "DEFAULT",
				"object": {
					"cnk.acco_commercialscalculationengine.clientsettlementrules.Root": {

						"header": {
							"transactionID": "12345",
							"sessionID": "abc@123",
							"operationName": "Search",
							"userID": "Vasudha"
						},
						"businessRuleIntake": [{
							"commonElements": {
								"supplier": "GTA",
								"contractValidity": "2017-02-10T00:00:00+05:30"
							},
							"entityDetails": {
								"entityType": "ClientType",
								"entityName": "CnKB2BIndEng",
								"entityMarket": "India"
							},
							"terminationFee": {
								"returnableCommercialHead": [{
										"commercialName": "SegmentFees",
										"commercialAmount": "700"
									},
									{
										"commercialName": "ServiceCharge",
										"commercialAmount": "1000"
									}
								]
							}


						}]
					}
				}
			}
		},
		{
			"fire-all-rules": {}
		},
		{
			"get-objects": {
				"out-identifier": "Response"
			}
		}
	]
}</con:request><con:originalUri>http://localhost/kie-server/services/rest/server/containers/instances/SupplierSettlementRules</con:originalUri><con:credentials><con:username>kieserver</con:username><con:password>kieserver1!</con:password><con:selectedAuthProfile>Basic</con:selectedAuthProfile><con:addedBasicAuthenticationTypes>Basic</con:addedBasicAuthenticationTypes><con:authType>Global HTTP Settings</con:authType></con:credentials><con:jmsConfig JMSDeliveryMode="PERSISTENT"/><con:jmsPropertyConfig/><con:parameters/></con:request><con:request name="ContentAccessFee" id="559cfb5b-82ef-42d8-b946-937f96028cec" mediaType="application/json" postQueryString="false"><con:settings><con:setting id="com.eviware.soapui.impl.wsdl.WsdlRequest@request-headers">&lt;xml-fragment/></con:setting></con:settings><con:endpoint>http://localhost:8080</con:endpoint><con:request>{ "lookup" : "kSession",
  "commands" : [ 
    
    { "insert" : {"out-identifier":"BusinessRuleIntake","return-object":false,"entry-point":"DEFAULT",
    "object":{"cnk.acco_commercialscalculationengine.clientsettlementrules.Root":{
      
        "header":{
    		"transactionID":"12345",
    		"sessionID":"abc@123",
    		"operationName":"Search",
    		"userID":"Vasudha"
    		},
    	
      "businessRuleIntake": [
        {
          "commonElements": {
            "supplier": "GTA",
            "supplierMarket": "India",
            "contractValidity": "2017-02-10T00:00:00+05:30",
            "productCategorySubType": "Hotels",
            "clientType":"B2B",
            "clientGroup":"TravelAgent",
            "clientName":"AkbarTravels",
            "iatanumber":"123455"	
          },
		  "entityDetails":
	  {
		"entityType":"ClientType",
		"entityName":"CnKB2BIndEng",
		"entityMarket":"India"
	  },
          "slabDetails" : [
          {
            "slabType": "TotalRevenue",
            "slabTypeValue": "1500"
          },
          {
            "slabType": "TotalPassengers",
            "slabTypeValue": "4500"
          }
        ],
      "advancedDefinition": {
        "travelDate": "2017-04-10T00:00:00+05:30",
        "salesDate":"2017-09-16T00:00:00+05:30",
        "fromContinent": "Asia",
        "fromCountry": "India",
        "fromState": "Maharashtra",
        "fromCity": "Mumbai",
        "viaContinent": "Asia",
        "viaCountry": "India",
        "viaState": "Maharashtra",
        "viaCity": "Pune",
        "toContinent": "Asia",
        "toCountry": "India",
        "toState": "Karnataka",
        "toCity": "Bangalore",
        "connectivitySupplierType": null,        
        "connectivitySupplier": null,
        "credentialsName": "GTA",
        "bookingType": "Online"
      },
      	
        }       
        ]	
        }}}},
    { "fire-all-rules" : {} },{"get-objects": {"out-identifier":"Response"}}
  ]
}</con:request><con:originalUri>http://localhost/kie-server/services/rest/server/containers/SupplierSettlementRules</con:originalUri><con:credentials><con:username>kieserver</con:username><con:password>kieserver1!</con:password><con:selectedAuthProfile>Basic</con:selectedAuthProfile><con:addedBasicAuthenticationTypes>Basic</con:addedBasicAuthenticationTypes><con:authType>Global HTTP Settings</con:authType></con:credentials><con:jmsConfig JMSDeliveryMode="PERSISTENT"/><con:jmsPropertyConfig/><con:parameters/></con:request></con:method></con:resource></con:interface><con:properties/><con:wssContainer/><con:oAuth2ProfileContainer/></con:soapui-project>