<?xml version="1.0" encoding="UTF-8"?>
<con:soapui-project id="f80bfd96-590d-4247-b093-a26fa2a456fd" activeEnvironment="Default" name="Air_SettlementTestCases" resourceRoot="" soapui-version="5.2.1" abortOnError="false" runType="SEQUENTIAL" xmlns:con="http://eviware.com/soapui/config"><con:settings/><con:interface xsi:type="con:RestService" id="72ce28e1-2426-452c-9aa9-47450ec5bdb2" wadlVersion="http://wadl.dev.java.net/2009/02" name="http://localhost:8080" type="rest" xmlns:xsi="http://www.w3.org/2001/XMLSchema-instance"><con:settings/><con:definitionCache/><con:endpoints><con:endpoint>http://localhost:8080</con:endpoint></con:endpoints><con:resource name="Air-cce-supplier-settlement" path="/kie-server/services/rest/server/containers/instances/air-cce-supplier-settlement" id="53d58839-734e-4f89-b439-e8c35da8ef02"><con:settings/><con:parameters/><con:method name="Air-cce-supplier-settlement" id="36214b86-162d-4432-bc14-508e639bbc8b" method="POST"><con:settings/><con:parameters/><con:representation type="REQUEST"><con:mediaType>application/json</con:mediaType><con:params/></con:representation><con:representation type="RESPONSE"><con:mediaType>application/json</con:mediaType><con:status>200</con:status><con:params/><con:element xmlns:air="http://localhost/kie-server/services/rest/server/containers/instances/air-cce-supplier-settlement">air:Response</con:element></con:representation><con:representation type="RESPONSE"><con:mediaType xsi:nil="true"/><con:status>0</con:status><con:params/><con:element>data</con:element></con:representation><con:request name="Request 1" id="a2065316-3636-4606-945d-9cb70af3da82" mediaType="application/json" postQueryString="false"><con:settings><con:setting id="com.eviware.soapui.impl.wsdl.WsdlRequest@request-headers">&lt;xml-fragment/></con:setting></con:settings><con:endpoint>http://localhost:8080</con:endpoint><con:request>{ "lookup" : "suppliersettlementsession",
  "commands" : [ 
    
    { "insert" : {"out-identifier":"BusinessRuleIntake","return-object":false,"entry-point":"DEFAULT",
    "object":{"cnk.air_commercialscalculationengine.suppliersettlementrules.Root":{
      
        "header":{
    		"transactionID":"12345",
    		"sessionID":"abc@123",
    		"operationName":"Search",
    		"userID":"Sachin"
    		},
    	
      "businessRuleIntake": [
        {
          "commonElements": {
            "supplier": "Indigo",
            "supplierMarket": "India",
            "contractValidity": "2017-02-10T00:00:00+05:30",
            "productName": "Flights",
            "segment":"Active",
            "clientType":"B2B",
            "clientGroup":"TravelAgent",
            "clientName":"AkbarTravels",
            "iatanumber":"123455"	
          },
          "slabDetails" : [
          {
            "slabType": "TotalRevenue",
            "slabTypeValue": "1500"
          },
          {
            "slabType": "TotalPassengers",
            "slabTypeValue": "4500"
          }
        ],
          "advancedDefinition": {
        "ticketingDate": "2017-02-10T00:00:00+05:30",
        "travelDate": "2017-04-10T00:00:00+05:30",
        "travelType": "SITI",
        "journeyType": "OneWay",
        "flightType": "Via",
        "flightLineType": "Online",
        "codeShareFlightIncluded": "true",
        "travelProductName": "Flights",
        "fromContinent": "Asia",
        "fromCountry": "India",
        "fromCity": "Mumbai",
        "viaContinent": "Asia",
        "viaCountry": "India",
        "viaCity": "Chennai",
        "toContinent": "Asia",
        "toCountry": "India",
        "toCity": "Delhi",
        "connectivitySupplierType": "LCC",        
        "connectivitySupplier": "Indigo",
        "cabinClass": "Economy",
        "rbd": "S",
        "fareBasisValue": "YEEYEE",
        "dealCode": "DC01",
        "credentialsName": "Indigo",
        "bookingType": "Online"
      },
      	"incentiveOnTopUp": {
            "modeofPayment": "CreditCard",
            "bankName": "ICICI Bank",
            "incentiveCurrency": "INR",
            "incentiveAmount": "100000",
            "topUpDateTime": "2017-09-25T16:10:00+05:30",
            "incentiveRateType": "RT1",
            "incentiveRateCode": "RC1"
         },
        "penaltyFee": {
            "slabDetails" :[
            {
               "slabType": "TotalTurnOver",
               "slabTypeValue": "800"
            },
            {
               "slabType": "NumberOfBookings",
               "slabTypeValue": "700"
            }
           ]
        },
        "terminationFee":{
        	"returnableCommercialHead" :
        [
            {
               "commercialName": "SegmentFees",
               "commercialAmount": "700"
            },
            {
               "commercialName": "ServiceCharge",
               "commercialAmount": "1000"
            }
         ]
        },
         "msfFee": {
            "transactionType": "Online",
            "msfchargeType": "OnUs",
            "paymentType": "CreditCard",
            "cardType": "Visa",
            "totalFare": "3800"
         },
         "lookToBook": {
            "numberofLooks": "6600",
            "numberofBooks": "4",
			"isCumulative" : "true"
         },			 
		"maintenanceFee":{
		"otherFees" : {
        	"feeDetails" :
        [
            {
               "commercialName": "IntegrationFee",
               "commercialAmount": "500"
            },
            {
               "commercialName": "LicenceFee",
               "commercialAmount": "1200"
            }
         ]
		 }
        },
		"integrationFee":{
		"otherFees" : {
        	"feeDetails" :
        [
            {
               "commercialName": "IntegrationFee",
               "commercialAmount": "500"
            },
            {
               "commercialName": "LicenceFee",
               "commercialAmount": "1200"
            }
         ]
		 }
        },
		"licenceFee":{
		"otherFees" : {
        	"feeDetails" :
        [
            {
               "commercialName": "IntegrationFee",
               "commercialAmount": "500"
            },
            {
               "commercialName": "LicenceFee",
               "commercialAmount": "1200"
            }
         ]
		 }
        },
		"webServiceFee":{
		"otherFees" : {
        	"feeDetails" :
        [
            {
               "commercialName": "IntegrationFee",
               "commercialAmount": "500"
            },
            {
               "commercialName": "LicenceFee",
               "commercialAmount": "1200"
            }
         ]
		 }
        },
		"loyaltyBonus":{
		"otherFees" : {
        	"feeDetails" :
        [
            {
               "commercialName": "IntegrationFee",
               "commercialAmount": "500"
            },
            {
               "commercialName": "LicenceFee",
               "commercialAmount": "1200"
            }
         ]
		 }
        },
		"preferenceBenefit":{
		"otherFees" : {
        	"feeDetails" :
        [
            {
               "commercialName": "IntegrationFee",
               "commercialAmount": "500"
            },
            {
               "commercialName": "LicenceFee",
               "commercialAmount": "1200"
            }
         ]
		 }
        },
		"retainerFee":{
		"otherFees" : {
        	"feeDetails" :
        [
            {
               "commercialName": "IntegrationFee",
               "commercialAmount": "500"
            },
            {
               "commercialName": "LicenceFee",
               "commercialAmount": "1200"
            }
         ]
		 }
        },
		"listingFee":{
		"otherFees" : {
        	"feeDetails" :
        [
            {
               "commercialName": "IntegrationFee",
               "commercialAmount": "500"
            },
            {
               "commercialName": "LicenceFee",
               "commercialAmount": "1200"
            }
         ]
		 }
        },

		"signUpFee":{
		"otherFees" : {
        	"feeDetails" :
        [
            {
               "commercialName": "IntegrationFee",
               "commercialAmount": "500"
            },
            {
               "commercialName": "LicenceFee",
               "commercialAmount": "1200"
            }
         ]
		 }
        },
		"contentAccessFee":{
		"otherFees" : {
        	"feeDetails" :
        [
            {
               "commercialName": "IntegrationFee",
               "commercialAmount": "500"
            },
            {
               "commercialName": "LicenceFee",
               "commercialAmount": "1200"
            }
         ]
		 }
        },
		"trainingFee":{
		"otherFees" : {
        	"feeDetails" :
        [
            {
               "commercialName": "IntegrationFee",
               "commercialAmount": "500"
            },
            {
               "commercialName": "LicenceFee",
               "commercialAmount": "1200"
            }
         ]
		 }
        },
        "signUpBonus": {
            "slabDetails" :[
            {
               "slabType": "NumberOfSegments",
               "slabTypeValue": "2500000"
            },
            {
               "slabType": "TotalRevenue",
               "slabTypeValue": "5500000"
            }
           ]
        },
        "remittanceFee": {
               "totalSettlementAmount": "21000",
               "totalSettlementCurrency": "INR"
        },
         "freeofCosts": {
            "slabDetails" :[
            {
               "slabType": "TotalPassengers",
			   "cabinClass" : "Business",
               "slabTypeValue": "1500"
            }
           ],
		   "passenger" : [
		   {
				"passengerType" : "ADT",
				"passengerCount" : "23"
		   },
		   {
				"passengerType" : "CHD",
				"passengerCount" : "12"
		   }
		   ],
		   "ticket" : [
		   {
				"cabinClass" : "Business",
				"ticketCount" : "200"
		   },
		   {
				"cabinClass" : "CHD",
				"ticketCount" : "100"
		   }
		   ]
        }		
        },        
        {
        "commonElements": {
            "supplier": "SpiceJet",
            "supplierMarket": "China",
            "contractValidity": "2017-02-10T00:00:00+05:30",
            "productName": "Flights",
            "segment":"Active",
            "clientType":"B2B",
            "clientGroup":"TravelAgent",
            "clientName":"AkbarTravels",
            "IATAANumber":"123455"	
          },
          "slabDetails" : [
          {
            "slabType": "TotalRevenue",
            "slabTypeValue": "1500"
          },
          {
            "slabType": "TotalPassengers",
            "slabTypeValue": "4500"
          }
        ],
          "advancedDefinition":{
          	"ticketingDate": "2017-03-10T00:00:00+05:30"
          },
          "incentiveOnTopUp": {
            "modeofPayment": "CreditCard",
            "bankName": "ICICI Bank",
            "incentiveCurrency": "INR",
            "incentiveAmount": "100000",
            "topUpDateTime": "2017-09-25T16:10:00+05:30",
            "incentiveRateType": "RT1",
            "incentiveRateCode": "RC1"
         },
         "penaltyFee": {
            "slabDetails" :[
            {
               "slabType": "TotalTurnOver",
               "slabTypeValue": "200"
            },
            {
               "slabType": "NumberOfBookings",
               "slabTypeValue": "700"
            }
           ]
        },	
	"terminationFee":{
        	"returnableCommercialHead" :
        [
            {
               "commercialName": "SegmentFees",
               "commercialAmount": "700"
            },
            {
               "commercialName": "ServiceCharge",
               "commercialAmount": "1000"
            }
         ]
        },
         "msfFee": {
            "transactionType": "Online",
            "msfchargeType": "OnUs",
            "paymentType": "CreditCard",
            "cardType": "Visa",
            "totalFare": "4000"
         },
         "lookToBook": {
            "numberofLooks": "6600",
            "numberofBooks": "4",
			"isCumulative" : "true"		
         },		 
         "maintenanceFee":{
		"otherFees" : {
		 }
        },
		"integrationFee":{
		"otherFees" : {
        	"feeDetails" :
        [
            {
               "commercialName": "IntegrationFee",
               "commercialAmount": "500"
            },
            {
               "commercialName": "LicenceFee",
               "commercialAmount": "1200"
            }
         ]
		 }
        },
		"licenceFee":{
		"otherFees" : {
        	"feeDetails" :
        [
            {
               "commercialName": "IntegrationFee",
               "commercialAmount": "500"
            },
            {
               "commercialName": "LicenceFee",
               "commercialAmount": "1200"
            }
         ]
		 }
        },
		"webServiceFee":{
		"otherFees" : {
        	"feeDetails" :
        [
            {
               "commercialName": "IntegrationFee",
               "commercialAmount": "500"
            },
            {
               "commercialName": "LicenceFee",
               "commercialAmount": "1200"
            }
         ]
		 }
        },
		"loyaltyBonus":{
		"otherFees" : {
        	"feeDetails" :
        [
            {
               "commercialName": "IntegrationFee",
               "commercialAmount": "500"
            },
            {
               "commercialName": "LicenceFee",
               "commercialAmount": "1200"
            }
         ]
		 }
        },
		"preferenceBenefit":{
		"otherFees" : {
        	"feeDetails" :
        [
            {
               "commercialName": "IntegrationFee",
               "commercialAmount": "500"
            },
            {
               "commercialName": "LicenceFee",
               "commercialAmount": "1200"
            }
         ]
		 }
        },
		"retainerFee":{
		"otherFees" : {
        	"feeDetails" :
        [
            {
               "commercialName": "IntegrationFee",
               "commercialAmount": "500"
            },
            {
               "commercialName": "LicenceFee",
               "commercialAmount": "1200"
            }
         ]
		 }
        },
		"listingFee":{
		"otherFees" : {
        	"feeDetails" :
        [
            {
               "commercialName": "IntegrationFee",
               "commercialAmount": "500"
            },
            {
               "commercialName": "LicenceFee",
               "commercialAmount": "1200"
            }
         ]
		 }
        },

		"signUpFee":{
		"otherFees" : {
        	"feeDetails" :
        [
            {
               "commercialName": "IntegrationFee",
               "commercialAmount": "500"
            },
            {
               "commercialName": "LicenceFee",
               "commercialAmount": "1200"
            }
         ]
		 }
        },
		"contentAccessFee":{
		"otherFees" : {
        	"feeDetails" :
        [
            {
               "commercialName": "IntegrationFee",
               "commercialAmount": "500"
            },
            {
               "commercialName": "LicenceFee",
               "commercialAmount": "1200"
            }
         ]
		 }
        },
		"trainingFee":{
		"otherFees" : {
        	"feeDetails" :
        [
            {
               "commercialName": "IntegrationFee",
               "commercialAmount": "500"
            },
            {
               "commercialName": "LicenceFee",
               "commercialAmount": "1200"
            }
         ]
		 }
        },
        "signUpBonus": {
            "slabDetails" :[
            {
               "slabType": "TotalRevenue",
               "slabTypeValue": "2500000"
            }
           ]
        },
        "remittanceFee": {
               "totalSettlementAmount": "1200",
               "totalSettlementCurrency": "INR"
        },
        "freeofCosts": {
            "slabDetails" :[
            {
               "slabType": "NumberOfBookings",
			   "cabinClass" : "Economy",
               "slabTypeValue": "1500"
            }
           ]
        }		
        }
        ]
        
      
      
      	
        }}}},
         
        
   
	    
		 
    { "fire-all-rules" : {} },{"get-objects": {"out-identifier":"Response"}}
  ]
}</con:request><con:originalUri>http://localhost/kie-server/services/rest/server/containers/instances/air-cce-supplier-settlement</con:originalUri><con:credentials><con:username>kieserver</con:username><con:password>kieserver1!</con:password><con:selectedAuthProfile>Basic</con:selectedAuthProfile><con:addedBasicAuthenticationTypes>Basic</con:addedBasicAuthenticationTypes><con:authType>Global HTTP Settings</con:authType></con:credentials><con:jmsConfig JMSDeliveryMode="PERSISTENT"/><con:jmsPropertyConfig/><con:parameters/></con:request><con:request name="IncentiveOnTopUp" id="a2065316-3636-4606-945d-9cb70af3da82" mediaType="application/json" postQueryString="false"><con:settings><con:setting id="com.eviware.soapui.impl.wsdl.WsdlRequest@request-headers">&lt;xml-fragment/></con:setting></con:settings><con:endpoint>http://localhost:8080</con:endpoint><con:request>{ "lookup" : "suppliersettlementsession",
  "commands" : [ 
    
    { "insert" : {"out-identifier":"BusinessRuleIntake","return-object":false,"entry-point":"DEFAULT",
    "object":{"cnk.air_commercialscalculationengine.suppliersettlementrules.Root":{
      
        "header":{
    		"transactionID":"12345",
    		"sessionID":"abc@123",
    		"operationName":"Search",
    		"userID":"Sachin"
    		},
    	
      "businessRuleIntake": [
        {
          "commonElements": {
            "supplier": "Indigo",
            "supplierMarket": "India",
            "contractValidity": "2017-02-10T00:00:00+05:30",
            "productName": "Flights",
            "segment":"Active",
            "clientType":"B2B",
            "clientGroup":"TravelAgent",
            "clientName":"AkbarTravels",
            "iatanumber":"123455"	
          },
      	"incentiveOnTopUp": {
            "modeofPayment": "CreditCard",
            "bankName": "ICICI Bank",
            "incentiveCurrency": "INR",
            "incentiveAmount": "100000",
            "topUpDateTime": "2017-09-25T16:10:00+05:30",
            "incentiveRateType": "RT1",
            "incentiveRateCode": "RC1"
         }	
        }
        ]
        
      
      
      	
        }}}},
         
        
   
	    
		 
    { "fire-all-rules" : {} },{"get-objects": {"out-identifier":"Response"}}
  ]
}</con:request><con:originalUri>http://localhost/kie-server/services/rest/server/containers/instances/air-cce-supplier-settlement</con:originalUri><con:credentials><con:username>kieserver</con:username><con:password>kieserver1!</con:password><con:selectedAuthProfile>Basic</con:selectedAuthProfile><con:addedBasicAuthenticationTypes>Basic</con:addedBasicAuthenticationTypes><con:authType>Global HTTP Settings</con:authType></con:credentials><con:jmsConfig JMSDeliveryMode="PERSISTENT"/><con:jmsPropertyConfig/><con:parameters/></con:request><con:request name="PenaltyFee" id="a2065316-3636-4606-945d-9cb70af3da82" mediaType="application/json" postQueryString="false"><con:settings><con:setting id="com.eviware.soapui.impl.wsdl.WsdlRequest@request-headers">&lt;xml-fragment/></con:setting></con:settings><con:endpoint>http://localhost:8080</con:endpoint><con:request>{ "lookup" : "suppliersettlementsession",
  "commands" : [ 
    
    { "insert" : {"out-identifier":"BusinessRuleIntake","return-object":false,"entry-point":"DEFAULT",
    "object":{"cnk.air_commercialscalculationengine.suppliersettlementrules.Root":{
      
        "header":{
    		"transactionID":"12345",
    		"sessionID":"abc@123",
    		"operationName":"Search",
    		"userID":"Sachin"
    		},
    	
      "businessRuleIntake": [
        {
          "commonElements": {
            "supplier": "Indigo",
            "supplierMarket": "India",
            "contractValidity": "2017-02-10T00:00:00+05:30",
            "productName": "Flights",
            "segment":"Active",
            "clientType":"B2B",
            "clientGroup":"TravelAgent",
            "clientName":"AkbarTravels",
            "iatanumber":"123455"	
          },
        "penaltyFee": {
            "slabDetails" :[
            {
               "slabType": "TotalTurnOver",
               "slabTypeValue": "800"
            },
            {
               "slabType": "NumberOfBookings",
               "slabTypeValue": "700"
            }
           ]
        }	
        }
        ]
        
      
      
      	
        }}}},
         
        
   
	    
		 
    { "fire-all-rules" : {} },{"get-objects": {"out-identifier":"Response"}}
  ]
}</con:request><con:originalUri>http://localhost/kie-server/services/rest/server/containers/instances/air-cce-supplier-settlement</con:originalUri><con:credentials><con:username>kieserver</con:username><con:password>kieserver1!</con:password><con:selectedAuthProfile>Basic</con:selectedAuthProfile><con:addedBasicAuthenticationTypes>Basic</con:addedBasicAuthenticationTypes><con:authType>Global HTTP Settings</con:authType></con:credentials><con:jmsConfig JMSDeliveryMode="PERSISTENT"/><con:jmsPropertyConfig/><con:parameters/></con:request><con:request name="SignUpBonus" id="a2065316-3636-4606-945d-9cb70af3da82" mediaType="application/json" postQueryString="false"><con:settings><con:setting id="com.eviware.soapui.impl.wsdl.WsdlRequest@request-headers">&lt;xml-fragment/></con:setting></con:settings><con:endpoint>http://localhost:8080</con:endpoint><con:request>{ "lookup" : "suppliersettlementsession",
  "commands" : [ 
    
    { "insert" : {"out-identifier":"BusinessRuleIntake","return-object":false,"entry-point":"DEFAULT",
    "object":{"cnk.air_commercialscalculationengine.suppliersettlementrules.Root":{
      
        "header":{
    		"transactionID":"12345",
    		"sessionID":"abc@123",
    		"operationName":"Search",
    		"userID":"Sachin"
    		},
    	
      "businessRuleIntake": [
        {
          "commonElements": {
            "supplier": "Indigo",
            "supplierMarket": "India",
            "contractValidity": "2017-02-10T00:00:00+05:30",
            "productName": "Flights",
            "segment":"Active",
            "clientType":"B2B",
            "clientGroup":"TravelAgent",
            "clientName":"AkbarTravels",
            "iatanumber":"123455"	
          },
          "signUpBonus": {
            "slabDetails" :[
            {
               "slabType": "NumberOfSegments",
               "slabTypeValue": "2500000"
            },
            {
               "slabType": "TotalRevenue",
               "slabTypeValue": "5500000"
            }
           ]
        }	
        }
        ]
        
      
      
      	
        }}}},
         
        
   
	    
		 
    { "fire-all-rules" : {} },{"get-objects": {"out-identifier":"Response"}}
  ]
}</con:request><con:originalUri>http://localhost/kie-server/services/rest/server/containers/instances/air-cce-supplier-settlement</con:originalUri><con:credentials><con:username>kieserver</con:username><con:password>kieserver1!</con:password><con:selectedAuthProfile>Basic</con:selectedAuthProfile><con:addedBasicAuthenticationTypes>Basic</con:addedBasicAuthenticationTypes><con:authType>Global HTTP Settings</con:authType></con:credentials><con:jmsConfig JMSDeliveryMode="PERSISTENT"/><con:jmsPropertyConfig/><con:parameters/></con:request><con:request name="TrainingFee" id="a2065316-3636-4606-945d-9cb70af3da82" mediaType="application/json" postQueryString="false"><con:settings><con:setting id="com.eviware.soapui.impl.wsdl.WsdlRequest@request-headers">&lt;xml-fragment/></con:setting></con:settings><con:endpoint>http://localhost:8080</con:endpoint><con:request>{ "lookup" : "suppliersettlementsession",
  "commands" : [ 
    
    { "insert" : {"out-identifier":"BusinessRuleIntake","return-object":false,"entry-point":"DEFAULT",
    "object":{"cnk.air_commercialscalculationengine.suppliersettlementrules.Root":{
      
        "header":{
    		"transactionID":"12345",
    		"sessionID":"abc@123",
    		"operationName":"Search",
    		"userID":"Sachin"
    		},
    	
      "businessRuleIntake": [
        {
          "commonElements": {
            "supplier": "Indigo",
            "supplierMarket": "India",
            "contractValidity": "2017-02-10T00:00:00+05:30",
            "productName": "Flights",
            "segment":"Active",
            "clientType":"B2B",
            "clientGroup":"TravelAgent",
            "clientName":"AkbarTravels",
            "iatanumber":"123455"	
          },
          "advancedDefinition": {
        "ticketingDate": "2017-02-10T00:00:00+05:30",
        "travelDate": "2017-04-10T00:00:00+05:30",
        "travelType": "SITI",
        "journeyType": "OneWay",
        "flightType": "Via",
        "flightLineType": "Online",
        "codeShareFlightIncluded": "true",
        "travelProductName": "Flights",
        "fromContinent": "Asia",
        "fromCountry": "India",
        "fromCity": "Mumbai",
        "viaContinent": "Asia",
        "viaCountry": "India",
        "viaCity": "Chennai",
        "toContinent": "Asia",
        "toCountry": "India",
        "toCity": "Delhi",
        "connectivitySupplierType": "LCC",        
        "connectivitySupplier": "Indigo",
        "cabinClass": "Economy",
        "rbd": "S",
        "fareBasisValue": "YEEYEE",
        "dealCode": "DC01",
        "credentialsName": "Indigo",
        "bookingType": "Online"
      },
		"trainingFee":{
		"otherFees" : {
        	"feeDetails" :
        [
            {
               "commercialName": "IntegrationFee",
               "commercialAmount": "500"
            },
            {
               "commercialName": "LicenceFee",
               "commercialAmount": "1200"
            }
         ]
		 }
        }		
        }
        ]

      	
        }}}},
         
        
   
	    
		 
    { "fire-all-rules" : {} },{"get-objects": {"out-identifier":"Response"}}
  ]
}</con:request><con:originalUri>http://localhost/kie-server/services/rest/server/containers/instances/air-cce-supplier-settlement</con:originalUri><con:credentials><con:username>kieserver</con:username><con:password>kieserver1!</con:password><con:selectedAuthProfile>Basic</con:selectedAuthProfile><con:addedBasicAuthenticationTypes>Basic</con:addedBasicAuthenticationTypes><con:authType>Global HTTP Settings</con:authType></con:credentials><con:jmsConfig JMSDeliveryMode="PERSISTENT"/><con:jmsPropertyConfig/><con:parameters/></con:request><con:request name="SignUpFees" id="a2065316-3636-4606-945d-9cb70af3da82" mediaType="application/json" postQueryString="false"><con:settings><con:setting id="com.eviware.soapui.impl.wsdl.WsdlRequest@request-headers">&lt;xml-fragment/></con:setting></con:settings><con:endpoint>http://localhost:8080</con:endpoint><con:request>{ "lookup" : "suppliersettlementsession",
  "commands" : [ 
    
    { "insert" : {"out-identifier":"BusinessRuleIntake","return-object":false,"entry-point":"DEFAULT",
    "object":{"cnk.air_commercialscalculationengine.suppliersettlementrules.Root":{
      
        "header":{
    		"transactionID":"12345",
    		"sessionID":"abc@123",
    		"operationName":"Search",
    		"userID":"Sachin"
    		},
    	
      "businessRuleIntake": [
        {
          "commonElements": {
            "supplier": "Indigo",
            "supplierMarket": "India",
            "contractValidity": "2017-02-10T00:00:00+05:30",
            "productName": "Flights",
            "segment":"Active",
            "clientType":"B2B",
            "clientGroup":"TravelAgent",
            "clientName":"AkbarTravels",
            "iatanumber":"123455"	
          },
          "advancedDefinition": {
        "ticketingDate": "2017-02-10T00:00:00+05:30",
        "travelDate": "2017-04-10T00:00:00+05:30",
        "travelType": "SITI",
        "journeyType": "OneWay",
        "flightType": "Via",
        "flightLineType": "Online",
        "codeShareFlightIncluded": "true",
        "travelProductName": "Flights",
        "fromContinent": "Asia",
        "fromCountry": "India",
        "fromCity": "Mumbai",
        "viaContinent": "Asia",
        "viaCountry": "India",
        "viaCity": "Chennai",
        "toContinent": "Asia",
        "toCountry": "India",
        "toCity": "Delhi",
        "connectivitySupplierType": "LCC",        
        "connectivitySupplier": "Indigo",
        "cabinClass": "Economy",
        "rbd": "S",
        "fareBasisValue": "YEEYEE",
        "dealCode": "DC01",
        "credentialsName": "Indigo",
        "bookingType": "Online"
      },

		"signUpFee":{
		"otherFees" : {
        	"feeDetails" :
        [
            {
               "commercialName": "IntegrationFee",
               "commercialAmount": "500"
            },
            {
               "commercialName": "LicenceFee",
               "commercialAmount": "1200"
            }
         ]
		 }
        }	
        }
        ]
        
      
      
      	
        }}}},
         
        
   
	    
		 
    { "fire-all-rules" : {} },{"get-objects": {"out-identifier":"Response"}}
  ]
}</con:request><con:originalUri>http://localhost/kie-server/services/rest/server/containers/instances/air-cce-supplier-settlement</con:originalUri><con:credentials><con:username>kieserver</con:username><con:password>kieserver1!</con:password><con:selectedAuthProfile>Basic</con:selectedAuthProfile><con:addedBasicAuthenticationTypes>Basic</con:addedBasicAuthenticationTypes><con:authType>Global HTTP Settings</con:authType></con:credentials><con:jmsConfig JMSDeliveryMode="PERSISTENT"/><con:jmsPropertyConfig/><con:parameters/></con:request><con:request name="Single Supplier" id="a2065316-3636-4606-945d-9cb70af3da82" mediaType="application/json" postQueryString="false"><con:settings><con:setting id="com.eviware.soapui.impl.wsdl.WsdlRequest@request-headers">&lt;xml-fragment/></con:setting></con:settings><con:endpoint>http://localhost:8080</con:endpoint><con:request>{ "lookup" : "suppliersettlementsession",
  "commands" : [ 
    
    { "insert" : {"out-identifier":"BusinessRuleIntake","return-object":false,"entry-point":"DEFAULT",
    "object":{"cnk.air_commercialscalculationengine.suppliersettlementrules.Root":{
      
        "header":{
    		"transactionID":"12345",
    		"sessionID":"abc@123",
    		"operationName":"Search",
    		"userID":"Sachin"
    		},
    	
      "businessRuleIntake": [
        {
          "commonElements": {
            "supplier": "Indigo",
            "supplierMarket": "India",
            "contractValidity": "2017-02-10T00:00:00+05:30",
            "productName": "Flights",
            "segment":"Active",
            "clientType":"B2B",
            "clientGroup":"TravelAgent",
            "clientName":"AkbarTravels",
            "iatanumber":"123455"	
          },
          "slabDetails" : [
          {
            "slabType": "TotalRevenue",
            "slabTypeValue": "1500"
          },
          {
            "slabType": "TotalPassengers",
            "slabTypeValue": "4500"
          }
        ],
          "advancedDefinition": {
        "ticketingDate": "2017-02-10T00:00:00+05:30",
        "travelDate": "2017-04-10T00:00:00+05:30",
        "travelType": "SITI",
        "journeyType": "OneWay",
        "flightType": "Via",
        "flightLineType": "Online",
        "codeShareFlightIncluded": "true",
        "travelProductName": "Flights",
        "fromContinent": "Asia",
        "fromCountry": "India",
        "fromCity": "Mumbai",
        "viaContinent": "Asia",
        "viaCountry": "India",
        "viaCity": "Chennai",
        "toContinent": "Asia",
        "toCountry": "India",
        "toCity": "Delhi",
        "connectivitySupplierType": "LCC",        
        "connectivitySupplier": "Indigo",
        "cabinClass": "Economy",
        "rbd": "S",
        "fareBasisValue": "YEEYEE",
        "dealCode": "DC01",
        "credentialsName": "Indigo",
        "bookingType": "Online"
      },
      	"incentiveOnTopUp": {
            "modeofPayment": "CreditCard",
            "bankName": "ICICI Bank",
            "incentiveCurrency": "INR",
            "incentiveAmount": "100000",
            "topUpDateTime": "2017-09-25T16:10:00+05:30",
            "incentiveRateType": "RT1",
            "incentiveRateCode": "RC1"
         },
        "penaltyFee": {
            "slabDetails" :[
            {
               "slabType": "TotalTurnOver",
               "slabTypeValue": "800"
            },
            {
               "slabType": "NumberOfBookings",
               "slabTypeValue": "700"
            }
           ]
        },
        "terminationFee":{
        	"returnableCommercialHead" :
        [
            {
               "commercialName": "SegmentFees",
               "commercialAmount": "700"
            },
            {
               "commercialName": "ServiceCharge",
               "commercialAmount": "1000"
            }
         ]
        },
         "msfFee": {
            "transactionType": "Online",
            "msfchargeType": "OnUs",
            "paymentType": "CreditCard",
            "cardType": "Visa",
            "totalFare": "3800"
         },
         "lookToBook": {
            "numberofLooks": "6600",
            "numberofBooks": "4",
			"isCumulative" : "true"
         },			 
		"maintenanceFee":{
		"otherFees" : {
        	"feeDetails" :
        [
            {
               "commercialName": "IntegrationFee",
               "commercialAmount": "500"
            },
            {
               "commercialName": "LicenceFee",
               "commercialAmount": "1200"
            }
         ]
		 }
        },
		"integrationFee":{
		"otherFees" : {
        	"feeDetails" :
        [
            {
               "commercialName": "IntegrationFee",
               "commercialAmount": "500"
            },
            {
               "commercialName": "LicenceFee",
               "commercialAmount": "1200"
            }
         ]
		 }
        },
		"licenceFee":{
		"otherFees" : {
        	"feeDetails" :
        [
            {
               "commercialName": "IntegrationFee",
               "commercialAmount": "500"
            },
            {
               "commercialName": "LicenceFee",
               "commercialAmount": "1200"
            }
         ]
		 }
        },
		"webServiceFee":{
		"otherFees" : {
        	"feeDetails" :
        [
            {
               "commercialName": "IntegrationFee",
               "commercialAmount": "500"
            },
            {
               "commercialName": "LicenceFee",
               "commercialAmount": "1200"
            }
         ]
		 }
        },
		"loyaltyBonus":{
		"otherFees" : {
        	"feeDetails" :
        [
            {
               "commercialName": "IntegrationFee",
               "commercialAmount": "500"
            },
            {
               "commercialName": "LicenceFee",
               "commercialAmount": "1200"
            }
         ]
		 }
        },
		"preferenceBenefit":{
		"otherFees" : {
        	"feeDetails" :
        [
            {
               "commercialName": "IntegrationFee",
               "commercialAmount": "500"
            },
            {
               "commercialName": "LicenceFee",
               "commercialAmount": "1200"
            }
         ]
		 }
        },
		"retainerFee":{
		"otherFees" : {
        	"feeDetails" :
        [
            {
               "commercialName": "IntegrationFee",
               "commercialAmount": "500"
            },
            {
               "commercialName": "LicenceFee",
               "commercialAmount": "1200"
            }
         ]
		 }
        },
		"listingFee":{
		"otherFees" : {
        	"feeDetails" :
        [
            {
               "commercialName": "IntegrationFee",
               "commercialAmount": "500"
            },
            {
               "commercialName": "LicenceFee",
               "commercialAmount": "1200"
            }
         ]
		 }
        },

		"signUpFee":{
		"otherFees" : {
        	"feeDetails" :
        [
            {
               "commercialName": "IntegrationFee",
               "commercialAmount": "500"
            },
            {
               "commercialName": "LicenceFee",
               "commercialAmount": "1200"
            }
         ]
		 }
        },
		"contentAccessFee":{
		"otherFees" : {
        	"feeDetails" :
        [
            {
               "commercialName": "IntegrationFee",
               "commercialAmount": "500"
            },
            {
               "commercialName": "LicenceFee",
               "commercialAmount": "1200"
            }
         ]
		 }
        },
		"trainingFee":{
		"otherFees" : {
        	"feeDetails" :
        [
            {
               "commercialName": "IntegrationFee",
               "commercialAmount": "500"
            },
            {
               "commercialName": "LicenceFee",
               "commercialAmount": "1200"
            }
         ]
		 }
        },
        "signUpBonus": {
            "slabDetails" :[
            {
               "slabType": "NumberOfSegments",
               "slabTypeValue": "2500000"
            },
            {
               "slabType": "TotalRevenue",
               "slabTypeValue": "5500000"
            }
           ]
        },
        "remittanceFee": {
               "totalSettlementAmount": "21000",
               "totalSettlementCurrency": "INR"
        },
         "freeofCosts": {
            "slabDetails" :[
            {
               "slabType": "TotalPassengers",
			   "cabinClass" : "Business",
               "slabTypeValue": "1500"
            }
           ],
		   "passenger" : [
		   {
				"passengerType" : "ADT",
				"passengerCount" : "23"
		   },
		   {
				"passengerType" : "CHD",
				"passengerCount" : "12"
		   }
		   ],
		   "ticket" : [
		   {
				"cabinClass" : "Business",
				"ticketCount" : "200"
		   },
		   {
				"cabinClass" : "CHD",
				"ticketCount" : "100"
		   }
		   ]
        }		
        }
        ]
        
      
      
      	
        }}}},
         
        
   
	    
		 
    { "fire-all-rules" : {} },{"get-objects": {"out-identifier":"Response"}}
  ]
}</con:request><con:originalUri>http://localhost/kie-server/services/rest/server/containers/instances/air-cce-supplier-settlement</con:originalUri><con:credentials><con:username>kieserver</con:username><con:password>kieserver1!</con:password><con:selectedAuthProfile>Basic</con:selectedAuthProfile><con:addedBasicAuthenticationTypes>Basic</con:addedBasicAuthenticationTypes><con:authType>Global HTTP Settings</con:authType></con:credentials><con:jmsConfig JMSDeliveryMode="PERSISTENT"/><con:jmsPropertyConfig/><con:parameters/></con:request><con:request name="RetainerFee" id="a2065316-3636-4606-945d-9cb70af3da82" mediaType="application/json" postQueryString="false"><con:settings><con:setting id="com.eviware.soapui.impl.wsdl.WsdlRequest@request-headers">&lt;xml-fragment/></con:setting></con:settings><con:endpoint>http://localhost:8080</con:endpoint><con:request>{ "lookup" : "suppliersettlementsession",
  "commands" : [ 
    
    { "insert" : {"out-identifier":"BusinessRuleIntake","return-object":false,"entry-point":"DEFAULT",
    "object":{"cnk.air_commercialscalculationengine.suppliersettlementrules.Root":{
      
        "header":{
    		"transactionID":"12345",
    		"sessionID":"abc@123",
    		"operationName":"Search",
    		"userID":"Sachin"
    		},
    	
      "businessRuleIntake": [
        {
          "commonElements": {
            "supplier": "Indigo",
            "supplierMarket": "India",
            "contractValidity": "2017-02-10T00:00:00+05:30",
            "productName": "Flights",
            "segment":"Active",
            "clientType":"B2B",
            "clientGroup":"TravelAgent",
            "clientName":"AkbarTravels",
            "iatanumber":"123455"	
          },
          "advancedDefinition": {
        "ticketingDate": "2017-02-10T00:00:00+05:30",
        "travelDate": "2017-04-10T00:00:00+05:30",
        "travelType": "SITI",
        "journeyType": "OneWay",
        "flightType": "Via",
        "flightLineType": "Online",
        "codeShareFlightIncluded": "true",
        "travelProductName": "Flights",
        "fromContinent": "Asia",
        "fromCountry": "India",
        "fromCity": "Mumbai",
        "viaContinent": "Asia",
        "viaCountry": "India",
        "viaCity": "Chennai",
        "toContinent": "Asia",
        "toCountry": "India",
        "toCity": "Delhi",
        "connectivitySupplierType": "LCC",        
        "connectivitySupplier": "Indigo",
        "cabinClass": "Economy",
        "rbd": "S",
        "fareBasisValue": "YEEYEE",
        "dealCode": "DC01",
        "credentialsName": "Indigo",
        "bookingType": "Online"
      },
		"retainerFee":{
		"otherFees" : {
        	"feeDetails" :
        [
            {
               "commercialName": "IntegrationFee",
               "commercialAmount": "500"
            },
            {
               "commercialName": "LicenceFee",
               "commercialAmount": "1200"
            }
         ]
		 }
        }	
        }
        ]
        
      
      
      	
        }}}},
         
        
   
	    
		 
    { "fire-all-rules" : {} },{"get-objects": {"out-identifier":"Response"}}
  ]
}</con:request><con:originalUri>http://localhost/kie-server/services/rest/server/containers/instances/air-cce-supplier-settlement</con:originalUri><con:credentials><con:username>kieserver</con:username><con:password>kieserver1!</con:password><con:selectedAuthProfile>Basic</con:selectedAuthProfile><con:addedBasicAuthenticationTypes>Basic</con:addedBasicAuthenticationTypes><con:authType>Global HTTP Settings</con:authType></con:credentials><con:jmsConfig JMSDeliveryMode="PERSISTENT"/><con:jmsPropertyConfig/><con:parameters/></con:request><con:request name="RemittanceFee" id="a2065316-3636-4606-945d-9cb70af3da82" mediaType="application/json" postQueryString="false"><con:settings><con:setting id="com.eviware.soapui.impl.wsdl.WsdlRequest@request-headers">&lt;xml-fragment/></con:setting></con:settings><con:endpoint>http://localhost:8080</con:endpoint><con:request>{ "lookup" : "suppliersettlementsession",
  "commands" : [ 
    
    { "insert" : {"out-identifier":"BusinessRuleIntake","return-object":false,"entry-point":"DEFAULT",
    "object":{"cnk.air_commercialscalculationengine.suppliersettlementrules.Root":{
      
        "header":{
    		"transactionID":"12345",
    		"sessionID":"abc@123",
    		"operationName":"Search",
    		"userID":"Sachin"
    		},
    	
      "businessRuleIntake": [
        {
          "commonElements": {
            "supplier": "Indigo",
            "supplierMarket": "India",
            "contractValidity": "2017-02-10T00:00:00+05:30",
            "productName": "Flights",
            "segment":"Active",
            "clientType":"B2B",
            "clientGroup":"TravelAgent",
            "clientName":"AkbarTravels",
            "iatanumber":"123455"	
          },
        "remittanceFee": {
               "totalSettlementAmount": "21000",
               "totalSettlementCurrency": "INR"
        }
        }
        ]
        
      
      
      	
        }}}},
         
        
   
	    
		 
    { "fire-all-rules" : {} },{"get-objects": {"out-identifier":"Response"}}
  ]
}</con:request><con:originalUri>http://localhost/kie-server/services/rest/server/containers/instances/air-cce-supplier-settlement</con:originalUri><con:credentials><con:username>kieserver</con:username><con:password>kieserver1!</con:password><con:selectedAuthProfile>Basic</con:selectedAuthProfile><con:addedBasicAuthenticationTypes>Basic</con:addedBasicAuthenticationTypes><con:authType>Global HTTP Settings</con:authType></con:credentials><con:jmsConfig JMSDeliveryMode="PERSISTENT"/><con:jmsPropertyConfig/><con:parameters/></con:request><con:request name="PreferenceBenefit" id="a2065316-3636-4606-945d-9cb70af3da82" mediaType="application/json" postQueryString="false"><con:settings><con:setting id="com.eviware.soapui.impl.wsdl.WsdlRequest@request-headers">&lt;xml-fragment/></con:setting></con:settings><con:endpoint>http://localhost:8080</con:endpoint><con:request>{ "lookup" : "suppliersettlementsession",
  "commands" : [ 
    
    { "insert" : {"out-identifier":"BusinessRuleIntake","return-object":false,"entry-point":"DEFAULT",
    "object":{"cnk.air_commercialscalculationengine.suppliersettlementrules.Root":{
      
        "header":{
    		"transactionID":"12345",
    		"sessionID":"abc@123",
    		"operationName":"Search",
    		"userID":"Sachin"
    		},
    	
      "businessRuleIntake": [
        {
          "commonElements": {
            "supplier": "Indigo",
            "supplierMarket": "India",
            "contractValidity": "2017-02-10T00:00:00+05:30",
            "productName": "Flights",
            "segment":"Active",
            "clientType":"B2B",
            "clientGroup":"TravelAgent",
            "clientName":"AkbarTravels",
            "iatanumber":"123455"	
          },
          "advancedDefinition": {
        "ticketingDate": "2017-02-10T00:00:00+05:30",
        "travelDate": "2017-04-10T00:00:00+05:30",
        "travelType": "SITI",
        "journeyType": "OneWay",
        "flightType": "Via",
        "flightLineType": "Online",
        "codeShareFlightIncluded": "true",
        "travelProductName": "Flights",
        "fromContinent": "Asia",
        "fromCountry": "India",
        "fromCity": "Mumbai",
        "viaContinent": "Asia",
        "viaCountry": "India",
        "viaCity": "Chennai",
        "toContinent": "Asia",
        "toCountry": "India",
        "toCity": "Delhi",
        "connectivitySupplierType": "LCC",        
        "connectivitySupplier": "Indigo",
        "cabinClass": "Economy",
        "rbd": "S",
        "fareBasisValue": "YEEYEE",
        "dealCode": "DC01",
        "credentialsName": "Indigo",
        "bookingType": "Online"
      },
		"preferenceBenefit":{
		"otherFees" : {
        	"feeDetails" :
        [
            {
               "commercialName": "IntegrationFee",
               "commercialAmount": "500"
            },
            {
               "commercialName": "LicenceFee",
               "commercialAmount": "1200"
            }
         ]
		 }
        }		
        }
        ]
        
      
      
      	
        }}}},
         
        
   
	    
		 
    { "fire-all-rules" : {} },{"get-objects": {"out-identifier":"Response"}}
  ]
}</con:request><con:originalUri>http://localhost/kie-server/services/rest/server/containers/instances/air-cce-supplier-settlement</con:originalUri><con:credentials><con:username>kieserver</con:username><con:password>kieserver1!</con:password><con:selectedAuthProfile>Basic</con:selectedAuthProfile><con:addedBasicAuthenticationTypes>Basic</con:addedBasicAuthenticationTypes><con:authType>Global HTTP Settings</con:authType></con:credentials><con:jmsConfig JMSDeliveryMode="PERSISTENT"/><con:jmsPropertyConfig/><con:parameters/></con:request><con:request name="MSFFee" id="a2065316-3636-4606-945d-9cb70af3da82" mediaType="application/json" postQueryString="false"><con:settings><con:setting id="com.eviware.soapui.impl.wsdl.WsdlRequest@request-headers">&lt;xml-fragment/></con:setting></con:settings><con:endpoint>http://localhost:8080</con:endpoint><con:request>{ "lookup" : "suppliersettlementsession",
  "commands" : [ 
    
    { "insert" : {"out-identifier":"BusinessRuleIntake","return-object":false,"entry-point":"DEFAULT",
    "object":{"cnk.air_commercialscalculationengine.suppliersettlementrules.Root":{
      
        "header":{
    		"transactionID":"12345",
    		"sessionID":"abc@123",
    		"operationName":"Search",
    		"userID":"Sachin"
    		},
    	
      "businessRuleIntake": [
        {
          "commonElements": {
            "supplier": "Indigo",
            "supplierMarket": "India",
            "contractValidity": "2017-02-10T00:00:00+05:30",
            "productName": "Flights",
            "segment":"Active",
            "clientType":"B2B",
            "clientGroup":"TravelAgent",
            "clientName":"AkbarTravels",
            "iatanumber":"123455"	
          },
         "msfFee": {
            "transactionType": "Online",
            "msfchargeType": "OnUs",
            "paymentType": "CreditCard",
            "cardType": "Visa",
            "totalFare": "3800"
         }	
        }
        ]
        
      
      
      	
        }}}},
         
        
   
	    
		 
    { "fire-all-rules" : {} },{"get-objects": {"out-identifier":"Response"}}
  ]
}</con:request><con:originalUri>http://localhost/kie-server/services/rest/server/containers/instances/air-cce-supplier-settlement</con:originalUri><con:credentials><con:username>kieserver</con:username><con:password>kieserver1!</con:password><con:selectedAuthProfile>Basic</con:selectedAuthProfile><con:addedBasicAuthenticationTypes>Basic</con:addedBasicAuthenticationTypes><con:authType>Global HTTP Settings</con:authType></con:credentials><con:jmsConfig JMSDeliveryMode="PERSISTENT"/><con:jmsPropertyConfig/><con:parameters/></con:request><con:request name="MaintenanceFee" id="a2065316-3636-4606-945d-9cb70af3da82" mediaType="application/json" postQueryString="false"><con:settings><con:setting id="com.eviware.soapui.impl.wsdl.WsdlRequest@request-headers">&lt;xml-fragment/></con:setting></con:settings><con:endpoint>http://localhost:8080</con:endpoint><con:request>{ "lookup" : "suppliersettlementsession",
  "commands" : [ 
    
    { "insert" : {"out-identifier":"BusinessRuleIntake","return-object":false,"entry-point":"DEFAULT",
    "object":{"cnk.air_commercialscalculationengine.suppliersettlementrules.Root":{
      
        "header":{
    		"transactionID":"12345",
    		"sessionID":"abc@123",
    		"operationName":"Search",
    		"userID":"Sachin"
    		},
    	
      "businessRuleIntake": [
        {
          "commonElements": {
            "supplier": "Indigo",
            "supplierMarket": "India",
            "contractValidity": "2017-02-10T00:00:00+05:30",
            "productName": "Flights",
            "segment":"Active",
            "clientType":"B2B",
            "clientGroup":"TravelAgent",
            "clientName":"AkbarTravels",
            "iatanumber":"123455"	
          },
          "advancedDefinition": {
        "ticketingDate": "2017-02-10T00:00:00+05:30",
        "travelDate": "2017-04-10T00:00:00+05:30",
        "travelType": "SITI",
        "journeyType": "OneWay",
        "flightType": "Via",
        "flightLineType": "Online",
        "codeShareFlightIncluded": "true",
        "travelProductName": "Flights",
        "fromContinent": "Asia",
        "fromCountry": "India",
        "fromCity": "Mumbai",
        "viaContinent": "Asia",
        "viaCountry": "India",
        "viaCity": "Chennai",
        "toContinent": "Asia",
        "toCountry": "India",
        "toCity": "Delhi",
        "connectivitySupplierType": "LCC",        
        "connectivitySupplier": "Indigo",
        "cabinClass": "Economy",
        "rbd": "S",
        "fareBasisValue": "YEEYEE",
        "dealCode": "DC01",
        "credentialsName": "Indigo",
        "bookingType": "Online"
      },
		"maintenanceFee":{
		"otherFees" : {
        	"feeDetails" :
        [
            {
               "commercialName": "IntegrationFee",
               "commercialAmount": "500"
            },
            {
               "commercialName": "LicenceFee",
               "commercialAmount": "1200"
            }
         ]
		 }
        }		
        }
        ]
        
      
      
      	
        }}}},
         
        
   
	    
		 
    { "fire-all-rules" : {} },{"get-objects": {"out-identifier":"Response"}}
  ]
}</con:request><con:originalUri>http://localhost/kie-server/services/rest/server/containers/instances/air-cce-supplier-settlement</con:originalUri><con:credentials><con:username>kieserver</con:username><con:password>kieserver1!</con:password><con:selectedAuthProfile>Basic</con:selectedAuthProfile><con:addedBasicAuthenticationTypes>Basic</con:addedBasicAuthenticationTypes><con:authType>Global HTTP Settings</con:authType></con:credentials><con:jmsConfig JMSDeliveryMode="PERSISTENT"/><con:jmsPropertyConfig/><con:parameters/></con:request><con:request name="WebServiceFee" id="a2065316-3636-4606-945d-9cb70af3da82" mediaType="application/json" postQueryString="false"><con:settings><con:setting id="com.eviware.soapui.impl.wsdl.WsdlRequest@request-headers">&lt;xml-fragment/></con:setting></con:settings><con:endpoint>http://localhost:8080</con:endpoint><con:request>{ "lookup" : "suppliersettlementsession",
  "commands" : [ 
    
    { "insert" : {"out-identifier":"BusinessRuleIntake","return-object":false,"entry-point":"DEFAULT",
    "object":{"cnk.air_commercialscalculationengine.suppliersettlementrules.Root":{
      
        "header":{
    		"transactionID":"12345",
    		"sessionID":"abc@123",
    		"operationName":"Search",
    		"userID":"Sachin"
    		},
    	
      "businessRuleIntake": [
        {
          "commonElements": {
            "supplier": "Indigo",
            "supplierMarket": "India",
            "contractValidity": "2017-02-10T00:00:00+05:30",
            "productName": "Flights",
            "segment":"Active",
            "clientType":"B2B",
            "clientGroup":"TravelAgent",
            "clientName":"AkbarTravels",
            "iatanumber":"123455"	
          },
          "advancedDefinition": {
        "ticketingDate": "2017-02-10T00:00:00+05:30",
        "travelDate": "2017-04-10T00:00:00+05:30",
        "travelType": "SITI",
        "journeyType": "OneWay",
        "flightType": "Via",
        "flightLineType": "Online",
        "codeShareFlightIncluded": "true",
        "travelProductName": "Flights",
        "fromContinent": "Asia",
        "fromCountry": "India",
        "fromCity": "Mumbai",
        "viaContinent": "Asia",
        "viaCountry": "India",
        "viaCity": "Chennai",
        "toContinent": "Asia",
        "toCountry": "India",
        "toCity": "Delhi",
        "connectivitySupplierType": "LCC",        
        "connectivitySupplier": "Indigo",
        "cabinClass": "Economy",
        "rbd": "S",
        "fareBasisValue": "YEEYEE",
        "dealCode": "DC01",
        "credentialsName": "Indigo",
        "bookingType": "Online"
      },
		"webServiceFee":{
		"otherFees" : {
        	"feeDetails" :
        [
            {
               "commercialName": "IntegrationFee",
               "commercialAmount": "500"
            },
            {
               "commercialName": "LicenceFee",
               "commercialAmount": "1200"
            }
         ]
		 }
        }		
        }
        ]
        
      
      
      	
        }}}},
         
        
   
	    
		 
    { "fire-all-rules" : {} },{"get-objects": {"out-identifier":"Response"}}
  ]
}</con:request><con:originalUri>http://localhost/kie-server/services/rest/server/containers/instances/air-cce-supplier-settlement</con:originalUri><con:credentials><con:username>kieserver</con:username><con:password>kieserver1!</con:password><con:selectedAuthProfile>Basic</con:selectedAuthProfile><con:addedBasicAuthenticationTypes>Basic</con:addedBasicAuthenticationTypes><con:authType>Global HTTP Settings</con:authType></con:credentials><con:jmsConfig JMSDeliveryMode="PERSISTENT"/><con:jmsPropertyConfig/><con:parameters/></con:request><con:request name="LoyaltyBonus" id="a2065316-3636-4606-945d-9cb70af3da82" mediaType="application/json" postQueryString="false"><con:settings><con:setting id="com.eviware.soapui.impl.wsdl.WsdlRequest@request-headers">&lt;xml-fragment/></con:setting></con:settings><con:endpoint>http://localhost:8080</con:endpoint><con:request>{ "lookup" : "suppliersettlementsession",
  "commands" : [ 
    
    { "insert" : {"out-identifier":"BusinessRuleIntake","return-object":false,"entry-point":"DEFAULT",
    "object":{"cnk.air_commercialscalculationengine.suppliersettlementrules.Root":{
      
        "header":{
    		"transactionID":"12345",
    		"sessionID":"abc@123",
    		"operationName":"Search",
    		"userID":"Sachin"
    		},
    	
      "businessRuleIntake": [
        {
          "commonElements": {
            "supplier": "Indigo",
            "supplierMarket": "India",
            "contractValidity": "2017-02-10T00:00:00+05:30",
            "productName": "Flights",
            "segment":"Active",
            "clientType":"B2B",
            "clientGroup":"TravelAgent",
            "clientName":"AkbarTravels",
            "iatanumber":"123455"	
          },
          "advancedDefinition": {
        "ticketingDate": "2017-02-10T00:00:00+05:30",
        "travelDate": "2017-04-10T00:00:00+05:30",
        "travelType": "SITI",
        "journeyType": "OneWay",
        "flightType": "Via",
        "flightLineType": "Online",
        "codeShareFlightIncluded": "true",
        "travelProductName": "Flights",
        "fromContinent": "Asia",
        "fromCountry": "India",
        "fromCity": "Mumbai",
        "viaContinent": "Asia",
        "viaCountry": "India",
        "viaCity": "Chennai",
        "toContinent": "Asia",
        "toCountry": "India",
        "toCity": "Delhi",
        "connectivitySupplierType": "LCC",        
        "connectivitySupplier": "Indigo",
        "cabinClass": "Economy",
        "rbd": "S",
        "fareBasisValue": "YEEYEE",
        "dealCode": "DC01",
        "credentialsName": "Indigo",
        "bookingType": "Online"
      },
		"loyaltyBonus":{
		"otherFees" : {
        	"feeDetails" :
        [
            {
               "commercialName": "IntegrationFee",
               "commercialAmount": "500"
            },
            {
               "commercialName": "LicenceFee",
               "commercialAmount": "1200"
            }
         ]
		 }
        }	
        }
        ]
        
      
      
      	
        }}}},
         
        
   
	    
		 
    { "fire-all-rules" : {} },{"get-objects": {"out-identifier":"Response"}}
  ]
}</con:request><con:originalUri>http://localhost/kie-server/services/rest/server/containers/instances/air-cce-supplier-settlement</con:originalUri><con:credentials><con:username>kieserver</con:username><con:password>kieserver1!</con:password><con:selectedAuthProfile>Basic</con:selectedAuthProfile><con:addedBasicAuthenticationTypes>Basic</con:addedBasicAuthenticationTypes><con:authType>Global HTTP Settings</con:authType></con:credentials><con:jmsConfig JMSDeliveryMode="PERSISTENT"/><con:jmsPropertyConfig/><con:parameters/></con:request><con:request name="ListingFee" id="a2065316-3636-4606-945d-9cb70af3da82" mediaType="application/json" postQueryString="false"><con:settings><con:setting id="com.eviware.soapui.impl.wsdl.WsdlRequest@request-headers">&lt;xml-fragment/></con:setting></con:settings><con:endpoint>http://localhost:8080</con:endpoint><con:request>{ "lookup" : "suppliersettlementsession",
  "commands" : [ 
    
    { "insert" : {"out-identifier":"BusinessRuleIntake","return-object":false,"entry-point":"DEFAULT",
    "object":{"cnk.air_commercialscalculationengine.suppliersettlementrules.Root":{
      
        "header":{
    		"transactionID":"12345",
    		"sessionID":"abc@123",
    		"operationName":"Search",
    		"userID":"Sachin"
    		},
    	
      "businessRuleIntake": [
        {
          "commonElements": {
            "supplier": "Indigo",
            "supplierMarket": "India",
            "contractValidity": "2017-02-10T00:00:00+05:30",
            "productName": "Flights",
            "segment":"Active",
            "clientType":"B2B",
            "clientGroup":"TravelAgent",
            "clientName":"AkbarTravels",
            "iatanumber":"123455"	
          },
          "advancedDefinition": {
        "ticketingDate": "2017-02-10T00:00:00+05:30",
        "travelDate": "2017-04-10T00:00:00+05:30",
        "travelType": "SITI",
        "journeyType": "OneWay",
        "flightType": "Via",
        "flightLineType": "Online",
        "codeShareFlightIncluded": "true",
        "travelProductName": "Flights",
        "fromContinent": "Asia",
        "fromCountry": "India",
        "fromCity": "Mumbai",
        "viaContinent": "Asia",
        "viaCountry": "India",
        "viaCity": "Chennai",
        "toContinent": "Asia",
        "toCountry": "India",
        "toCity": "Delhi",
        "connectivitySupplierType": "LCC",        
        "connectivitySupplier": "Indigo",
        "cabinClass": "Economy",
        "rbd": "S",
        "fareBasisValue": "YEEYEE",
        "dealCode": "DC01",
        "credentialsName": "Indigo",
        "bookingType": "Online"
      },
		"listingFee":{
		"otherFees" : {
        	"feeDetails" :
        [
            {
               "commercialName": "IntegrationFee",
               "commercialAmount": "500"
            },
            {
               "commercialName": "LicenceFee",
               "commercialAmount": "1200"
            }
         ]
		 }
        }	
        }
        ]
        
      
      
      	
        }}}},
         
        
   
	    
		 
    { "fire-all-rules" : {} },{"get-objects": {"out-identifier":"Response"}}
  ]
}</con:request><con:originalUri>http://localhost/kie-server/services/rest/server/containers/instances/air-cce-supplier-settlement</con:originalUri><con:credentials><con:username>kieserver</con:username><con:password>kieserver1!</con:password><con:selectedAuthProfile>Basic</con:selectedAuthProfile><con:addedBasicAuthenticationTypes>Basic</con:addedBasicAuthenticationTypes><con:authType>Global HTTP Settings</con:authType></con:credentials><con:jmsConfig JMSDeliveryMode="PERSISTENT"/><con:jmsPropertyConfig/><con:parameters/></con:request><con:request name="LicenceFee" id="a2065316-3636-4606-945d-9cb70af3da82" mediaType="application/json" postQueryString="false"><con:settings><con:setting id="com.eviware.soapui.impl.wsdl.WsdlRequest@request-headers">&lt;xml-fragment/></con:setting></con:settings><con:endpoint>http://localhost:8080</con:endpoint><con:request>{ "lookup" : "suppliersettlementsession",
  "commands" : [ 
    
    { "insert" : {"out-identifier":"BusinessRuleIntake","return-object":false,"entry-point":"DEFAULT",
    "object":{"cnk.air_commercialscalculationengine.suppliersettlementrules.Root":{
      
        "header":{
    		"transactionID":"12345",
    		"sessionID":"abc@123",
    		"operationName":"Search",
    		"userID":"Sachin"
    		},
    	
      "businessRuleIntake": [
        {
          "commonElements": {
            "supplier": "Indigo",
            "supplierMarket": "India",
            "contractValidity": "2017-02-10T00:00:00+05:30",
            "productName": "Flights",
            "segment":"Active",
            "clientType":"B2B",
            "clientGroup":"TravelAgent",
            "clientName":"AkbarTravels",
            "iatanumber":"123455"	
          },
          "advancedDefinition": {
        "ticketingDate": "2017-02-10T00:00:00+05:30",
        "travelDate": "2017-04-10T00:00:00+05:30",
        "travelType": "SITI",
        "journeyType": "OneWay",
        "flightType": "Via",
        "flightLineType": "Online",
        "codeShareFlightIncluded": "true",
        "travelProductName": "Flights",
        "fromContinent": "Asia",
        "fromCountry": "India",
        "fromCity": "Mumbai",
        "viaContinent": "Asia",
        "viaCountry": "India",
        "viaCity": "Chennai",
        "toContinent": "Asia",
        "toCountry": "India",
        "toCity": "Delhi",
        "connectivitySupplierType": "LCC",        
        "connectivitySupplier": "Indigo",
        "cabinClass": "Economy",
        "rbd": "S",
        "fareBasisValue": "YEEYEE",
        "dealCode": "DC01",
        "credentialsName": "Indigo",
        "bookingType": "Online"
      },
		"licenceFee":{
		"otherFees" : {
        	"feeDetails" :
        [
            {
               "commercialName": "IntegrationFee",
               "commercialAmount": "500"
            },
            {
               "commercialName": "LicenceFee",
               "commercialAmount": "1200"
            }
         ]
		 }
        }	
        }
        ]
        
      
      
      	
        }}}},
         
        
   
	    
		 
    { "fire-all-rules" : {} },{"get-objects": {"out-identifier":"Response"}}
  ]
}</con:request><con:originalUri>http://localhost/kie-server/services/rest/server/containers/instances/air-cce-supplier-settlement</con:originalUri><con:credentials><con:username>kieserver</con:username><con:password>kieserver1!</con:password><con:selectedAuthProfile>Basic</con:selectedAuthProfile><con:addedBasicAuthenticationTypes>Basic</con:addedBasicAuthenticationTypes><con:authType>Global HTTP Settings</con:authType></con:credentials><con:jmsConfig JMSDeliveryMode="PERSISTENT"/><con:jmsPropertyConfig/><con:parameters/></con:request><con:request name="ContentAccessFee" id="a2065316-3636-4606-945d-9cb70af3da82" mediaType="application/json" postQueryString="false"><con:settings><con:setting id="com.eviware.soapui.impl.wsdl.WsdlRequest@request-headers">&lt;xml-fragment/></con:setting></con:settings><con:endpoint>http://localhost:8080</con:endpoint><con:request>{ "lookup" : "suppliersettlementsession",
  "commands" : [ 
    
    { "insert" : {"out-identifier":"BusinessRuleIntake","return-object":false,"entry-point":"DEFAULT",
    "object":{"cnk.air_commercialscalculationengine.suppliersettlementrules.Root":{
      
        "header":{
    		"transactionID":"12345",
    		"sessionID":"abc@123",
    		"operationName":"Search",
    		"userID":"Sachin"
    		},
    	
      "businessRuleIntake": [
        {
          "commonElements": {
            "supplier": "Indigo",
            "supplierMarket": "India",
            "contractValidity": "2017-02-10T00:00:00+05:30",
            "productName": "Flights",
            "segment":"Active",
            "clientType":"B2B",
            "clientGroup":"TravelAgent",
            "clientName":"AkbarTravels",
            "iatanumber":"123455"	
          },
          "advancedDefinition": {
        "ticketingDate": "2017-02-10T00:00:00+05:30",
        "travelDate": "2017-04-10T00:00:00+05:30",
        "travelType": "SITI",
        "journeyType": "OneWay",
        "flightType": "Via",
        "flightLineType": "Online",
        "codeShareFlightIncluded": "true",
        "travelProductName": "Flights",
        "fromContinent": "Asia",
        "fromCountry": "India",
        "fromCity": "Mumbai",
        "viaContinent": "Asia",
        "viaCountry": "India",
        "viaCity": "Chennai",
        "toContinent": "Asia",
        "toCountry": "India",
        "toCity": "Delhi",
        "connectivitySupplierType": "LCC",        
        "connectivitySupplier": "Indigo",
        "cabinClass": "Economy",
        "rbd": "S",
        "fareBasisValue": "YEEYEE",
        "dealCode": "DC01",
        "credentialsName": "Indigo",
        "bookingType": "Online"
      },
		"contentAccessFee":{
		"otherFees" : {
        	"feeDetails" :
        [
            {
               "commercialName": "IntegrationFee",
               "commercialAmount": "500"
            },
            {
               "commercialName": "LicenceFee",
               "commercialAmount": "1200"
            }
         ]
		 }
        }		
        }
        ]
        
      
      
      	
        }}}},
         
        
   
	    
		 
    { "fire-all-rules" : {} },{"get-objects": {"out-identifier":"Response"}}
  ]
}</con:request><con:originalUri>http://localhost/kie-server/services/rest/server/containers/instances/air-cce-supplier-settlement</con:originalUri><con:credentials><con:username>kieserver</con:username><con:password>kieserver1!</con:password><con:selectedAuthProfile>Basic</con:selectedAuthProfile><con:addedBasicAuthenticationTypes>Basic</con:addedBasicAuthenticationTypes><con:authType>Global HTTP Settings</con:authType></con:credentials><con:jmsConfig JMSDeliveryMode="PERSISTENT"/><con:jmsPropertyConfig/><con:parameters/></con:request><con:request name="IntegrationFee" id="a2065316-3636-4606-945d-9cb70af3da82" mediaType="application/json" postQueryString="false"><con:settings><con:setting id="com.eviware.soapui.impl.wsdl.WsdlRequest@request-headers">&lt;xml-fragment/></con:setting></con:settings><con:endpoint>http://localhost:8080</con:endpoint><con:request>{ "lookup" : "suppliersettlementsession",
  "commands" : [ 
    
    { "insert" : {"out-identifier":"BusinessRuleIntake","return-object":false,"entry-point":"DEFAULT",
    "object":{"cnk.air_commercialscalculationengine.suppliersettlementrules.Root":{
      
        "header":{
    		"transactionID":"12345",
    		"sessionID":"abc@123",
    		"operationName":"Search",
    		"userID":"Sachin"
    		},
    	
      "businessRuleIntake": [
        {
          "commonElements": {
            "supplier": "Indigo",
            "supplierMarket": "India",
            "contractValidity": "2017-02-10T00:00:00+05:30",
            "productName": "Flights",
            "segment":"Active",
            "clientType":"B2B",
            "clientGroup":"TravelAgent",
            "clientName":"AkbarTravels",
            "iatanumber":"123455"	
          },
          "advancedDefinition": {
        "ticketingDate": "2017-02-10T00:00:00+05:30",
        "travelDate": "2017-04-10T00:00:00+05:30",
        "travelType": "SITI",
        "journeyType": "OneWay",
        "flightType": "Via",
        "flightLineType": "Online",
        "codeShareFlightIncluded": "true",
        "travelProductName": "Flights",
        "fromContinent": "Asia",
        "fromCountry": "India",
        "fromCity": "Mumbai",
        "viaContinent": "Asia",
        "viaCountry": "India",
        "viaCity": "Chennai",
        "toContinent": "Asia",
        "toCountry": "India",
        "toCity": "Delhi",
        "connectivitySupplierType": "LCC",        
        "connectivitySupplier": "Indigo",
        "cabinClass": "Economy",
        "rbd": "S",
        "fareBasisValue": "YEEYEE",
        "dealCode": "DC01",
        "credentialsName": "Indigo",
        "bookingType": "Online"
      },
		"integrationFee":{
		"otherFees" : {
        	"feeDetails" :
        [
            {
               "commercialName": "IntegrationFee",
               "commercialAmount": "500"
            },
            {
               "commercialName": "LicenceFee",
               "commercialAmount": "1200"
            }
         ]
		 }
        }	
        }
        ]
        
      
      
      	
        }}}},
         
        
   
	    
		 
    { "fire-all-rules" : {} },{"get-objects": {"out-identifier":"Response"}}
  ]
}</con:request><con:originalUri>http://localhost/kie-server/services/rest/server/containers/instances/air-cce-supplier-settlement</con:originalUri><con:credentials><con:username>kieserver</con:username><con:password>kieserver1!</con:password><con:selectedAuthProfile>Basic</con:selectedAuthProfile><con:addedBasicAuthenticationTypes>Basic</con:addedBasicAuthenticationTypes><con:authType>Global HTTP Settings</con:authType></con:credentials><con:jmsConfig JMSDeliveryMode="PERSISTENT"/><con:jmsPropertyConfig/><con:parameters/></con:request><con:request name="TerminationFee" id="a2065316-3636-4606-945d-9cb70af3da82" mediaType="application/json" postQueryString="false"><con:settings><con:setting id="com.eviware.soapui.impl.wsdl.WsdlRequest@request-headers">&lt;xml-fragment/></con:setting></con:settings><con:endpoint>http://localhost:8080</con:endpoint><con:request>{ "lookup" : "suppliersettlementsession",
  "commands" : [ 
    
    { "insert" : {"out-identifier":"BusinessRuleIntake","return-object":false,"entry-point":"DEFAULT",
    "object":{"cnk.air_commercialscalculationengine.suppliersettlementrules.Root":{
      
        "header":{
    		"transactionID":"12345",
    		"sessionID":"abc@123",
    		"operationName":"Search",
    		"userID":"Sachin"
    		},
    	
      "businessRuleIntake": [
        {
          "commonElements": {
            "supplier": "Indigo",
            "supplierMarket": "India",
            "contractValidity": "2017-02-10T00:00:00+05:30",
            "productName": "Flights",
            "segment":"Active",
            "clientType":"B2B",
            "clientGroup":"TravelAgent",
            "clientName":"AkbarTravels",
            "iatanumber":"123455"	
          },
        "terminationFee":{
        	"returnableCommercialHead" :
        [
            {
               "commercialName": "SegmentFees",
               "commercialAmount": "700"
            },
            {
               "commercialName": "ServiceCharge",
               "commercialAmount": "1000"
            }
         ]
        }		
        }
        ]
        
      
      
      	
        }}}},
         
        
   
	    
		 
    { "fire-all-rules" : {} },{"get-objects": {"out-identifier":"Response"}}
  ]
}</con:request><con:originalUri>http://localhost/kie-server/services/rest/server/containers/instances/air-cce-supplier-settlement</con:originalUri><con:credentials><con:username>kieserver</con:username><con:password>kieserver1!</con:password><con:selectedAuthProfile>Basic</con:selectedAuthProfile><con:addedBasicAuthenticationTypes>Basic</con:addedBasicAuthenticationTypes><con:authType>Global HTTP Settings</con:authType></con:credentials><con:jmsConfig JMSDeliveryMode="PERSISTENT"/><con:jmsPropertyConfig/><con:parameters/></con:request><con:request name="LookToBook_Cumulative" id="a2065316-3636-4606-945d-9cb70af3da82" mediaType="application/json" postQueryString="false"><con:settings><con:setting id="com.eviware.soapui.impl.wsdl.WsdlRequest@request-headers">&lt;xml-fragment/></con:setting></con:settings><con:endpoint>http://localhost:8080</con:endpoint><con:request>{ "lookup" : "suppliersettlementsession",
  "commands" : [ 
    
    { "insert" : {"out-identifier":"BusinessRuleIntake","return-object":false,"entry-point":"DEFAULT",
    "object":{"cnk.air_commercialscalculationengine.suppliersettlementrules.Root":{
      
        "header":{
    		"transactionID":"12345",
    		"sessionID":"abc@123",
    		"operationName":"Search",
    		"userID":"Sachin"
    		},
    	
      "businessRuleIntake": [
        {
          "commonElements": {
            "supplier": "Indigo",
            "supplierMarket": "India",
            "contractValidity": "2017-02-10T00:00:00+05:30",
            "productName": "Flights",
            "segment":"Active",
            "clientType":"B2B",
            "clientGroup":"TravelAgent",
            "clientName":"AkbarTravels",
            "iatanumber":"123455"	
          },
         "lookToBook": {
            "numberofLooks": "6600",
            "numberofBooks": "4",
			"isCumulative" : "true"
         }
        }
        ]
        
      
      
      	
        }}}},
         
        
   
	    
		 
    { "fire-all-rules" : {} },{"get-objects": {"out-identifier":"Response"}}
  ]
}</con:request><con:originalUri>http://localhost/kie-server/services/rest/server/containers/instances/air-cce-supplier-settlement</con:originalUri><con:credentials><con:username>kieserver</con:username><con:password>kieserver1!</con:password><con:selectedAuthProfile>Basic</con:selectedAuthProfile><con:addedBasicAuthenticationTypes>Basic</con:addedBasicAuthenticationTypes><con:authType>Global HTTP Settings</con:authType></con:credentials><con:jmsConfig JMSDeliveryMode="PERSISTENT"/><con:jmsPropertyConfig/><con:parameters/></con:request><con:request name="FOC_Slab" id="a2065316-3636-4606-945d-9cb70af3da82" mediaType="application/json" postQueryString="false"><con:settings><con:setting id="com.eviware.soapui.impl.wsdl.WsdlRequest@request-headers">&lt;xml-fragment/></con:setting></con:settings><con:endpoint>http://localhost:8080</con:endpoint><con:request>{ "lookup" : "suppliersettlementsession",
  "commands" : [ 
    
    { "insert" : {"out-identifier":"BusinessRuleIntake","return-object":false,"entry-point":"DEFAULT",
    "object":{"cnk.air_commercialscalculationengine.suppliersettlementrules.Root":{
      
        "header":{
    		"transactionID":"12345",
    		"sessionID":"abc@123",
    		"operationName":"Search",
    		"userID":"Sachin"
    		},
    	
      "businessRuleIntake": [
        {
          "commonElements": {
            "supplier": "Indigo",
            "supplierMarket": "India",
            "contractValidity": "2017-02-10T00:00:00+05:30",
            "productName": "Flights",
            "segment":"Active",
            "clientType":"B2B",
            "clientGroup":"TravelAgent",
            "clientName":"AkbarTravels",
            "iatanumber":"123455"	
          },
         "freeofCosts": {
            "slabDetails" :[
            {
               "slabType": "TotalPassengers",
			   "cabinClass" : "Business",
               "slabTypeValue": "1500"
            }
           ]
        }		
        }
        ]
        
      
      
      	
        }}}},
         
        
   
	    
		 
    { "fire-all-rules" : {} },{"get-objects": {"out-identifier":"Response"}}
  ]
}</con:request><con:originalUri>http://localhost/kie-server/services/rest/server/containers/instances/air-cce-supplier-settlement</con:originalUri><con:credentials><con:username>kieserver</con:username><con:password>kieserver1!</con:password><con:selectedAuthProfile>Basic</con:selectedAuthProfile><con:addedBasicAuthenticationTypes>Basic</con:addedBasicAuthenticationTypes><con:authType>Global HTTP Settings</con:authType></con:credentials><con:jmsConfig JMSDeliveryMode="PERSISTENT"/><con:jmsPropertyConfig/><con:parameters/></con:request><con:request name="LookToBook" id="a2065316-3636-4606-945d-9cb70af3da82" mediaType="application/json" postQueryString="false"><con:settings><con:setting id="com.eviware.soapui.impl.wsdl.WsdlRequest@request-headers">&lt;xml-fragment/></con:setting></con:settings><con:endpoint>http://localhost:8080</con:endpoint><con:request>{ "lookup" : "suppliersettlementsession",
  "commands" : [ 
    
    { "insert" : {"out-identifier":"BusinessRuleIntake","return-object":false,"entry-point":"DEFAULT",
    "object":{"cnk.air_commercialscalculationengine.suppliersettlementrules.Root":{
      
        "header":{
    		"transactionID":"12345",
    		"sessionID":"abc@123",
    		"operationName":"Search",
    		"userID":"Sachin"
    		},
    	
      "businessRuleIntake": [
        {
          "commonElements": {
            "supplier": "Indigo",
            "supplierMarket": "India",
            "contractValidity": "2017-02-10T00:00:00+05:30",
            "productName": "Flights",
            "segment":"Active",
            "clientType":"B2B",
            "clientGroup":"TravelAgent",
            "clientName":"AkbarTravels",
            "iatanumber":"123455"	
          },
         "lookToBook": {
            "numberofLooks": "1250",
            "numberofBooks": "1",
			"isCumulative" : "false"
         }
        }
        ]
        
      
      
      	
        }}}},
         
        
   
	    
		 
    { "fire-all-rules" : {} },{"get-objects": {"out-identifier":"Response"}}
  ]
}</con:request><con:originalUri>http://localhost/kie-server/services/rest/server/containers/instances/air-cce-supplier-settlement</con:originalUri><con:credentials><con:username>kieserver</con:username><con:password>kieserver1!</con:password><con:selectedAuthProfile>Basic</con:selectedAuthProfile><con:addedBasicAuthenticationTypes>Basic</con:addedBasicAuthenticationTypes><con:authType>Global HTTP Settings</con:authType></con:credentials><con:jmsConfig JMSDeliveryMode="PERSISTENT"/><con:jmsPropertyConfig/><con:parameters/></con:request><con:request name="FOC_Running" id="a2065316-3636-4606-945d-9cb70af3da82" mediaType="application/json" postQueryString="false"><con:settings><con:setting id="com.eviware.soapui.impl.wsdl.WsdlRequest@request-headers">&lt;xml-fragment/></con:setting></con:settings><con:endpoint>http://localhost:8080</con:endpoint><con:request>{ "lookup" : "suppliersettlementsession",
  "commands" : [ 
    
    { "insert" : {"out-identifier":"BusinessRuleIntake","return-object":false,"entry-point":"DEFAULT",
    "object":{"cnk.air_commercialscalculationengine.suppliersettlementrules.Root":{
      
        "header":{
    		"transactionID":"12345",
    		"sessionID":"abc@123",
    		"operationName":"Search",
    		"userID":"Sachin"
    		},
    	
      "businessRuleIntake": [
        {
          "commonElements": {
            "supplier": "Indigo",
            "supplierMarket": "India",
            "contractValidity": "2017-02-10T00:00:00+05:30",
            "productName": "Flights",
            "segment":"Active",
            "clientType":"B2B",
            "clientGroup":"TravelAgent",
            "clientName":"AkbarTravels",
            "iatanumber":"123455"	
          },
         "freeofCosts": {
		   "passenger" : [
		   {
				"passengerType" : "ADT",
				"passengerCount" : "23"
		   },
		   {
				"passengerType" : "CHD",
				"passengerCount" : "12"
		   }
		   ],
		   "ticket" : [
		   {
				"cabinClass" : "Business",
				"ticketCount" : "200"
		   },
		   {
				"cabinClass" : "CHD",
				"ticketCount" : "100"
		   }
		   ]
        }		
        }
        ]
        
      
      
      	
        }}}},
         
        
   
	    
		 
    { "fire-all-rules" : {} },{"get-objects": {"out-identifier":"Response"}}
  ]
}</con:request><con:originalUri>http://localhost/kie-server/services/rest/server/containers/instances/air-cce-supplier-settlement</con:originalUri><con:credentials><con:username>kieserver</con:username><con:password>kieserver1!</con:password><con:selectedAuthProfile>Basic</con:selectedAuthProfile><con:addedBasicAuthenticationTypes>Basic</con:addedBasicAuthenticationTypes><con:authType>Global HTTP Settings</con:authType></con:credentials><con:jmsConfig JMSDeliveryMode="PERSISTENT"/><con:jmsPropertyConfig/><con:parameters/></con:request></con:method></con:resource></con:interface><con:properties/><con:wssContainer/><con:oAuth2ProfileContainer/></con:soapui-project>