<?xml version="1.0" encoding="UTF-8"?>
<con:soapui-project id="3c643164-57d7-48e6-8207-dec3ffddd7a7" activeEnvironment="Default" name="Acco_CCE_Supplier_Transactional_Project" soapui-version="5.2.1" abortOnError="false" runType="SEQUENTIAL" xmlns:con="http://eviware.com/soapui/config"><con:settings/><con:interface xsi:type="con:RestService" id="a579d539-3acf-426c-bc92-beeaa78cb2ba" wadlVersion="http://wadl.dev.java.net/2009/02" name="http://localhost:8080" type="rest" xmlns:xsi="http://www.w3.org/2001/XMLSchema-instance"><con:settings/><con:definitionCache/><con:endpoints><con:endpoint>http://localhost:8080</con:endpoint></con:endpoints><con:resource name="SupplierTransactionalRules" path="/kie-server/services/rest/server/containers/instances/SupplierTransactionalRules" id="df985bad-dde5-4883-b192-7be3b9b3b65b"><con:settings/><con:parameters/><con:method name="SupplierTransactionalRules" id="39a3bbe2-8361-44b4-bf45-bc9a3c695ab3" method="POST"><con:settings/><con:parameters/><con:representation type="RESPONSE"><con:mediaType>application/json</con:mediaType><con:status>200</con:status><con:params/><con:element xmlns:sup="http://localhost/kie-server/services/rest/server/containers/instances/SupplierTransactionalRules">sup:Response</con:element></con:representation><con:representation type="REQUEST"><con:mediaType>application/json</con:mediaType><con:params/></con:representation><con:representation type="FAULT"><con:mediaType>text/html;charset=UTF-8</con:mediaType><con:status>500</con:status><con:params/><con:element>html</con:element></con:representation><con:representation type="RESPONSE"><con:mediaType xsi:nil="true"/><con:status>0</con:status><con:params/><con:element>data</con:element></con:representation><con:representation type="RESPONSE"><con:mediaType xsi:nil="true"/><con:status>0</con:status><con:params/><con:element>data</con:element></con:representation><con:representation type="RESPONSE"><con:mediaType xsi:nil="true"/><con:status>0</con:status><con:params/><con:element>data</con:element></con:representation><con:representation type="RESPONSE"><con:mediaType xsi:nil="true"/><con:status>0</con:status><con:params/><con:element>data</con:element></con:representation><con:representation type="RESPONSE"><con:mediaType xsi:nil="true"/><con:status>0</con:status><con:params/><con:element>data</con:element></con:representation><con:representation type="RESPONSE"><con:mediaType xsi:nil="true"/><con:status>0</con:status><con:params/><con:element>data</con:element></con:representation><con:representation type="FAULT"><con:mediaType xsi:nil="true"/><con:status>405</con:status><con:params/><con:element>data</con:element></con:representation><con:representation type="FAULT"><con:mediaType xsi:nil="true"/><con:status>405</con:status><con:params/><con:element>data</con:element></con:representation><con:request name="Request 1" id="bbb207b1-1d1a-425d-aa5b-d0190bbf4926" mediaType="application/json" postQueryString="false"><con:settings><con:setting id="com.eviware.soapui.impl.wsdl.WsdlRequest@request-headers">&lt;xml-fragment/></con:setting></con:settings><con:endpoint>http://localhost:8080</con:endpoint><con:request>{ "lookup" : "kSession",
  "commands" : [ 
    
    { "insert" : {"out-identifier":"BusinessRuleIntake","return-object":false,"entry-point":"DEFAULT",
    "object":{"cnk.acco_commercialscalculationengine.suppliertransactionalrules.Root":{
      
        "header":{
    		"transactionID":"12345",
    		"sessionId":"abc@123",
    		"operationName":"Search",
    		"userID":"Vasudha"
    		},
    	
      "businessRuleIntake": [
        {
          "commonElements": {
            "supplier": "GTA",
            "supplierMarket": "India",
            "productCategorySubType": "Hotels",
            "iatanumber":"IATA1",
            "contractValidity": "2017-09-18T00:00:00",
            "productChain":"PC1",
            "productBrand":"PB1",
            "productName":"PN1",
            "clientType":"B2B",
            "clientGroup":"CG1",
            "clientName":"CN1",
            "rateType":"RT1",       
            "rateCode": "RC1"
           },
          "advancedDefinition": {
          	"travelDate": "2017-09-16T00:00:00+05:30",
          	"salesDate":"2017-09-16T00:00:00+05:30",
          	"fromContinent":"Asia",
          	"fromCountry":"India",
          	"fromState":"Maharashtra",
          	"fromCity":"Mumbai",
          	"toContinent":"Asia",
          	"toCountry":"India",
          	"toState":"Karnataka",
          	"toCity":"Bangalore",
          	"roomCategory" :"RC1",
          	"roomType" : "Deluxe Studio",
          	"bookingType" : "Online",
          	"credentialsName" :"GTA",
          	"nationality":"Indian",
          	"passengerType" : "ADT"
          }, 	
          "roomDetails": [{
          	"roomType": "Deluxe Studio",
          	"fareBreakUp": {
          	   "baseFare" :"1800",
          	   "totalFare" : "2000",
          	   "taxDetails" :[
          	   	{
          	   		"taxName" :"YQ",
          	   		"taxValue" : "50"
          	   	},
          	   	{
          	   		"taxName" :"RT",
          	   		"taxValue" : "150"
          	   	}
          	   ]
          	}
          }], 	
          "slabDetails": [{
          	"slabType": "TotalRevenue",
          	"slabTypeValue" : "3000"
          }] 	
         }
       ]
      }}}},    
		 
    { "fire-all-rules" : {} },{"get-objects": {"out-identifier":"Response"}}
  ]
}</con:request><con:originalUri>http://localhost/kie-server/services/rest/server/containers/instances/SupplierTransactionalRules</con:originalUri><con:credentials><con:username>kieserver</con:username><con:password>kieserver1!</con:password><con:selectedAuthProfile>Basic</con:selectedAuthProfile><con:addedBasicAuthenticationTypes>Basic</con:addedBasicAuthenticationTypes><con:authType>Global HTTP Settings</con:authType></con:credentials><con:jmsConfig JMSDeliveryMode="PERSISTENT"/><con:jmsPropertyConfig/><con:parameters/></con:request><con:request name="Req2" id="bbb207b1-1d1a-425d-aa5b-d0190bbf4926" mediaType="application/json" postQueryString="false"><con:settings><con:setting id="com.eviware.soapui.impl.wsdl.WsdlRequest@request-headers">&lt;xml-fragment/></con:setting></con:settings><con:endpoint>http://localhost:8080</con:endpoint><con:request>{ "lookup" : "kSession",
  "commands" : [ 
    
    { "insert" : {"out-identifier":"BusinessRuleIntake","return-object":false,"entry-point":"DEFAULT",
    "object":{"cnk.acco_commercialscalculationengine.suppliertransactionalrules.Root":{
      
        "header":{
    		"transactionID":"12345",
    		"sessionId":"abc@123",
    		"operationName":"Search",
    		"userID":"Vasudha"
    		},
    	
      "businessRuleIntake": [
        {
          "commonElements": {
            "supplier": "GTA",
            "supplierMarket": "India",
            "productCategorySubType": "Hotels",
            "iatanumber":"IATA1",
            "contractValidity": "2017-09-18T00:00:00",
            "productChain":"PC1",
            "productBrand":"PB1",
            "productName":"PN1",
            "clientType":"B2B",
            "clientGroup":"CG1",
            "clientName":"CN1",
            "rateType":"RT1",       
            "rateCode": "RC1"
           },
          "advancedDefinition": {
          	"travelDate": "2017-09-16T00:00:00+05:30",
          	"salesDate":"2017-09-16T00:00:00+05:30",
          	"fromContinent":"Asia",
          	"fromCountry":"India",
          	"fromState":"Maharashtra",
          	"fromCity":"Mumbai",
          	"toContinent":"Asia",
          	"toCountry":"India",
          	"toState":"Karnataka",
          	"toCity":"Bangalore",
          	"roomCategory" :"RC1",
          	"roomType" : "Deluxe Studio",
          	"bookingType" : "Online",
          	"credentialsName" :"GTA",
          	"nationality":"Indian",
          	"passengerType" : "ADT"
          }, 	
          "roomDetails": [{
          	"roomType": "Deluxe Studio",
          	"fareBreakUp": {
          	   "baseFare" :"1800",
          	   "totalFare" : "2000",
          	   "taxDetails" :[
          	   	{
          	   		"taxName" :"YQ",
          	   		"taxValue" : "50"
          	   	},
          	   	{
          	   		"taxName" :"RT",
          	   		"taxValue" : "150"
          	   	}
          	   ]
          	}
          }], 	
          "slabDetails": [{
          	"slabType": "TotalRevenue",
          	"slabTypeValue" : "3000"
          }] 	
         }
       ]
      }}}},    
		 
    { "fire-all-rules" : {} },{"get-objects": {"out-identifier":"Response"}}
  ]
}</con:request><con:originalUri>http://localhost/kie-server/services/rest/server/containers/instances/SupplierTransactionalRules</con:originalUri><con:credentials><con:username>kieserver</con:username><con:password>kieserver1!</con:password><con:selectedAuthProfile>Basic</con:selectedAuthProfile><con:addedBasicAuthenticationTypes>Basic</con:addedBasicAuthenticationTypes><con:authType>Global HTTP Settings</con:authType></con:credentials><con:jmsConfig JMSDeliveryMode="PERSISTENT"/><con:jmsPropertyConfig/><con:parameters/></con:request></con:method></con:resource></con:interface><con:properties/><con:wssContainer/><con:oAuth2ProfileContainer/><con:sensitiveInformation/></con:soapui-project>