<?xml version="1.0" encoding="UTF-8"?>
<con:soapui-project id="5f7e9382-cd04-4e67-a3b2-456d07053285" activeEnvironment="Default" name="Acco_CCE_Settlement" soapui-version="5.2.1" abortOnError="false" runType="SEQUENTIAL" xmlns:con="http://eviware.com/soapui/config"><con:settings/><con:interface xsi:type="con:RestService" id="d6ccf18a-e569-47cf-8633-cd36e79c879a" wadlVersion="http://wadl.dev.java.net/2009/02" name="http://localhost:8080" type="rest" xmlns:xsi="http://www.w3.org/2001/XMLSchema-instance"><con:settings/><con:definitionCache/><con:endpoints><con:endpoint>http://localhost:8080</con:endpoint></con:endpoints><con:resource name="Settlement" path="/kie-server/services/rest/server/containers/instances/SettlementRules" id="43cf706a-cf9a-49a3-8c47-67335530588e"><con:settings/><con:parameters/><con:method name="Settlement" id="aa78d54c-e082-473a-96e1-4078e4d36f43" method="POST"><con:settings/><con:parameters/><con:representation type="RESPONSE"><con:mediaType>application/json</con:mediaType><con:status>200</con:status><con:params/><con:element xmlns:set="http://localhost/kie-server/services/rest/server/containers/instances/settlement">set:Response</con:element></con:representation><con:representation type="REQUEST"><con:mediaType>application/json</con:mediaType><con:params/></con:representation><con:representation type="FAULT"><con:mediaType>text/html;charset=UTF-8</con:mediaType><con:status>401 500</con:status><con:params/><con:element>html</con:element></con:representation><con:representation type="RESPONSE"><con:mediaType xsi:nil="true"/><con:status>0</con:status><con:params/><con:element>data</con:element></con:representation><con:representation type="RESPONSE"><con:mediaType xsi:nil="true"/><con:status>0</con:status><con:params/><con:element>data</con:element></con:representation><con:representation type="RESPONSE"><con:mediaType xsi:nil="true"/><con:status>0</con:status><con:params/><con:element>data</con:element></con:representation><con:representation type="RESPONSE"><con:mediaType xsi:nil="true"/><con:status>0</con:status><con:params/><con:element>data</con:element></con:representation><con:representation type="RESPONSE"><con:mediaType xsi:nil="true"/><con:status>0</con:status><con:params/><con:element>data</con:element></con:representation><con:representation type="RESPONSE"><con:mediaType xsi:nil="true"/><con:status>0</con:status><con:params/><con:element>data</con:element></con:representation><con:representation type="RESPONSE"><con:mediaType xsi:nil="true"/><con:status>0</con:status><con:params/><con:element>data</con:element></con:representation><con:representation type="RESPONSE"><con:mediaType xsi:nil="true"/><con:status>0</con:status><con:params/><con:element>data</con:element></con:representation><con:representation type="RESPONSE"><con:mediaType xsi:nil="true"/><con:status>0</con:status><con:params/><con:element>data</con:element></con:representation><con:representation type="RESPONSE"><con:mediaType xsi:nil="true"/><con:status>0</con:status><con:params/><con:element>data</con:element></con:representation><con:representation type="RESPONSE"><con:mediaType xsi:nil="true"/><con:status>0</con:status><con:params/><con:element>data</con:element></con:representation><con:representation type="RESPONSE"><con:mediaType xsi:nil="true"/><con:status>0</con:status><con:params/><con:element>data</con:element></con:representation><con:representation type="RESPONSE"><con:mediaType xsi:nil="true"/><con:status>0</con:status><con:params/><con:element>data</con:element></con:representation><con:request name="IncentiveOnTopUp_AllDays" id="932c1630-e731-435b-a6af-7a8893723137" mediaType="application/json" postQueryString="false"><con:settings><con:setting id="com.eviware.soapui.impl.wsdl.WsdlRequest@request-headers">&lt;xml-fragment/></con:setting></con:settings><con:endpoint>http://localhost:8080</con:endpoint><con:request>{ "lookup" : "kSession",
  "commands" : [ 
    
    { "insert" : {"out-identifier":"BusinessRuleIntake","return-object":false,"entry-point":"DEFAULT",
    "object":{"cnk.acco_commercialscalculationengine.suppliersettlementrules.Root":{
      
        "header":{
    		"transactionID":"12345",
    		"sessionId":"abc@123",
    		"operationName":"Search",
    		"userID":"Vasudha"
    		},
    	"businessRuleIntake": [
        {
          "commonElements": {
            "supplier": "GTA",
            "supplierMarket": "India",
            "contractValidity": "2017-09-18T00:00:00",
            "productCategorySubType": "Acco",
            "clientType":"B2B",
            "clientGroup":"Grand Group",
            "clientName":"Grand",
            "rateType" : "RT1",
            "rateCode":"RC1",
            "IATANumber":"12345"	
          },
          "advancedDefinition": {
          	"travelDate": "2017-09-16T00:00:00+05:30",
          	"salesDate":"2017-09-16T00:00:00+05:30",
          	"fromContinent":"Asia",
          	"fromCountry":"India",
          	"fromState":"Maharashtra",
          	"fromCity":"Mumbai",
          	"toContinent":"Asia",
          	"toCountry":"India",
          	"toState":"Karnataka",
          	"toCity":"Bangalore",
          	"roomCategory" :"RC1",
          	"roomType" : "Deluxe Studio",
          	"bookingType" : "Online",
          	"credentialsName" :"GTA",
          	"nationality":"Indian",
          	"passengerType" : "ADT"
          },
      	"incentiveOnTopUp": {
            "modeofPayment": "CreditCard",
            "bankName": "ICICI Bank",
            "incentiveCurrency": "INR",
            "incentiveAmount": "100000",
            "topUpDateTime": "2017-09-25T16:10:00+05:30"
         }	
         }
        ] 
      }}}},    
		 
    { "fire-all-rules" : {} },{"get-objects": {"out-identifier":"Response"}}
  ]
}</con:request><con:originalUri>http://localhost/kie-server/services/rest/server/containers/instances/settlement</con:originalUri><con:credentials><con:username>kieserver</con:username><con:password>kieserver1!</con:password><con:selectedAuthProfile>Basic</con:selectedAuthProfile><con:addedBasicAuthenticationTypes>Basic</con:addedBasicAuthenticationTypes><con:authType>Global HTTP Settings</con:authType></con:credentials><con:jmsConfig JMSDeliveryMode="PERSISTENT"/><con:jmsPropertyConfig/><con:parameters/></con:request><con:request name="Req1" id="932c1630-e731-435b-a6af-7a8893723137" mediaType="application/json" postQueryString="false"><con:settings><con:setting id="com.eviware.soapui.impl.wsdl.WsdlRequest@request-headers">&lt;xml-fragment/></con:setting></con:settings><con:endpoint>http://localhost:8080</con:endpoint><con:request>{ "lookup" : "kSession",
  "commands" : [ 
    
    { "insert" : {"out-identifier":"BusinessRuleIntake","return-object":false,"entry-point":"DEFAULT",
    "object":{"cnk.acco_commercialscalculationengine.suppliersettlementrules.Root":{
      
        "header":{
    		"transactionID":"12345",
    		"sessionId":"abc@123",
    		"operationName":"Search",
    		"userID":"Vasudha"
    		},
    	"businessRuleIntake": [
        {
          "commonElements": {
            "supplier": "GTA",
            "supplierMarket": "India",
            "contractValidity": "2017-09-18T00:00:00",
            "productCategorySubType": "Hotels",
            "clientType":"B2B",
            "clientGroup":"Grand Group",
            "clientName":"Grand",
            "rateType" : "RT1",
            "rateCode":"RC1",
            "IATANumber":"12345"	
          },
          "advancedDefinition": {
          	"travelDate": "2017-09-16T00:00:00+05:30",
          	"salesDate":"2017-09-16T00:00:00+05:30",
          	"fromContinent":"Asia",
          	"fromCountry":"India",
          	"fromState":"Maharashtra",
          	"fromCity":"Mumbai",
          	"toContinent":"Asia",
          	"toCountry":"India",
          	"toState":"Karnataka",
          	"toCity":"Bangalore",
          	"roomCategory" :"RC1",
          	"roomType" : "Deluxe Studio",
          	"bookingType" : "Online",
          	"credentialsName" :"GTA",
          	"nationality":"Indian",
          	"passengerType" : "ADT"
          },
      	"incentiveOnTopUp": {
            "modeofPayment": "CreditCard",
            "bankName": "ICICI Bank",
            "incentiveCurrency": "INR",
            "incentiveAmount": "100000",
            "topUpDateTime": "2017-09-25T16:10:00+05:30",
             "commercialAmount": 0,
            "isApplicable": true
         },
         "penaltyFee": {
            "slabDetails" :[
            {
               "slabType": "TotalTurnOver",
               "slabTypeValue": "800"
            },
            {
               "slabType": "NumberOfBookings",
               "slabTypeValue": "700"
            }
           ]
        }	
         }
        ] 
      }}}},    
		 
    { "fire-all-rules" : {} },{"get-objects": {"out-identifier":"Response"}}
  ]
}</con:request><con:originalUri>http://localhost/kie-server/services/rest/server/containers/instances/settlement</con:originalUri><con:credentials><con:username>kieserver</con:username><con:password>kieserver1!</con:password><con:selectedAuthProfile>Basic</con:selectedAuthProfile><con:addedBasicAuthenticationTypes>Basic</con:addedBasicAuthenticationTypes><con:authType>Global HTTP Settings</con:authType></con:credentials><con:jmsConfig JMSDeliveryMode="PERSISTENT"/><con:jmsPropertyConfig/><con:parameters/></con:request><con:request name="IncentiveOnTopUp_Fortnightly" id="932c1630-e731-435b-a6af-7a8893723137" mediaType="application/json" postQueryString="false"><con:settings><con:setting id="com.eviware.soapui.impl.wsdl.WsdlRequest@request-headers">&lt;xml-fragment/></con:setting></con:settings><con:endpoint>http://localhost:8080</con:endpoint><con:request>{ "lookup" : "kSession",
  "commands" : [ 
    
    { "insert" : {"out-identifier":"BusinessRuleIntake","return-object":false,"entry-point":"DEFAULT",
    "object":{"cnk.acco_commercialscalculationengine.suppliersettlementrules.Root":{
      
        "header":{
    		"transactionID":"12345",
    		"sessionId":"abc@123",
    		"operationName":"Search",
    		"userID":"Vasudha"
    		},
    	"businessRuleIntake": [
        {
          "commonElements": {
            "supplier": "Hotelbeds",
            "supplierMarket": "India",
            "contractValidity": "2017-09-18T00:00:00",
            "productCategorySubType": "Acco",
            "clientType":"B2B",
            "clientGroup":"Grand Group",
            "clientName":"Grand",
            "rateType" : "RT1",
            "rateCode":"RC1",
            "IATANumber":"12345"	
          },
          "advancedDefinition": {
          	"travelDate": "2017-09-16T00:00:00+05:30",
          	"salesDate":"2017-09-16T00:00:00+05:30",
          	"fromContinent":"Asia",
          	"fromCountry":"India",
          	"fromState":"Maharashtra",
          	"fromCity":"Mumbai",
          	"toContinent":"Asia",
          	"toCountry":"India",
          	"toState":"Karnataka",
          	"toCity":"Bangalore",
          	"roomCategory" :"RC1",
          	"roomType" : "Deluxe Studio",
          	"bookingType" : "Online",
          	"credentialsName" :"GTA",
          	"nationality":"Indian",
          	"passengerType" : "ADT"
          },
      	"incentiveOnTopUp": {
            "modeofPayment": "CreditCard",
            "bankName": "ICICI Bank",
            "incentiveCurrency": "INR",
            "incentiveAmount": "500000",
            "topUpDateTime": "2017-09-25T16:10:00+05:30"
         }	
         }
        ] 
      }}}},    
		 
    { "fire-all-rules" : {} },{"get-objects": {"out-identifier":"Response"}}
  ]
}</con:request><con:originalUri>http://localhost/kie-server/services/rest/server/containers/instances/settlement</con:originalUri><con:credentials><con:username>kieserver</con:username><con:password>kieserver1!</con:password><con:selectedAuthProfile>Basic</con:selectedAuthProfile><con:addedBasicAuthenticationTypes>Basic</con:addedBasicAuthenticationTypes><con:authType>Global HTTP Settings</con:authType></con:credentials><con:jmsConfig JMSDeliveryMode="PERSISTENT"/><con:jmsPropertyConfig/><con:parameters/></con:request><con:request name="Req2" id="dd8ba94d-3ed6-4be0-9336-fb25503dbb99" mediaType="application/json" postQueryString="false"><con:settings><con:setting id="com.eviware.soapui.impl.wsdl.WsdlRequest@request-headers">&lt;xml-fragment/></con:setting></con:settings><con:endpoint>http://localhost:8080</con:endpoint><con:request>{ "lookup" : "kSession",
  "commands" : [ 
    
    { "insert" : {"out-identifier":"BusinessRuleIntake","return-object":false,"entry-point":"DEFAULT",
    "object":{"cnk.acco_commercialscalculationengine.suppliersettlementrules.Root":{
      
        "header":{
    		"transactionID":"12345",
    		"sessionId":"abc@123",
    		"operationName":"Search",
    		"userID":"Vasudha"
    		},
    	"businessRuleIntake": [
        {
          "commonElements": {
            "supplier": "GTA",
            "supplierMarket": "India",
            "contractValidity": "2017-09-18T00:00:00",
            "productCategorySubType": "Acco",
            "clientType":"B2B",
            "clientGroup":"Grand Group",
            "clientName":"Grand",
            "rateType" : "RT1",
            "rateCode":"RC1",
            "IATANumber":"12345"	
          },
          "advancedDefinition": {
          	"travelDate": "2017-09-16T00:00:00+05:30",
          	"salesDate":"2017-09-16T00:00:00+05:30",
          	"fromContinent":"Asia",
          	"fromCountry":"India",
          	
          	"toContinent":"Asia",
          	"toCountry":"India",
          	"toState":"Karnataka",
          	"toCity":"Bangalore",
          	"roomCategory" :"RC2",
          	"roomType" : "Suite",
          	"bookingType" : "Offline",
          	"credentialsName" :"GTA",
          	"nationality":"Indian",
          	"passengerType" : "ADT"
          },
      	"incentiveOnTopUp": {
            "modeofPayment": "CreditCard",
            "bankName": "ICICI Bank",
            "incentiveCurrency": "INR",
            "incentiveAmount": "100000",
            "topUpDateTime": "2017-09-25T16:10:00+05:30"
         },
         "maintenanceFee":{
		"otherFees" : {
			"feeDetails" :
        [
            {
               "commercialName": "IntegrationFee",
               "commercialAmount": "500"
            }
         ]
		 }
        },
        "integrationFee":{
		"otherFees" : {
        	"feeDetails" :
        [
            {
               "commercialName": "IntegrationFee",
               "commercialAmount": "500"
            },
            {
               "commercialName": "LicenceFee",
               "commercialAmount": "1200"
            }
         ]
		 }
        },
        "licenceFee":{
		"otherFees" : {
        	"feeDetails" :
        [
            {
               "commercialName": "IntegrationFee",
               "commercialAmount": "500"
            },
            {
               "commercialName": "LicenceFee",
               "commercialAmount": "1200"
            }
         ]
		 }
        },
		"webServiceFee":{
		"otherFees" : {
        	"feeDetails" :
        [
            {
               "commercialName": "IntegrationFee",
               "commercialAmount": "500"
            },
            {
               "commercialName": "LicenceFee",
               "commercialAmount": "1200"
            }
         ]
		 }
        }	,
       "loyaltyBonus":{
		"otherFees" : {
        	"feeDetails" :
        [
            {
               "commercialName": "IntegrationFee",
               "commercialAmount": "500"
            },
            {
               "commercialName": "LicenceFee",
               "commercialAmount": "1200"
            }
         ]
		 }
        },
		"retainerFee":{
		"otherFees" : {
        	"feeDetails" :
        [
            {
               "commercialName": "IntegrationFee",
               "commercialAmount": "500"
            },
            {
               "commercialName": "LicenceFee",
               "commercialAmount": "1200"
            }
         ]
		 }
        },
        "listingFee":{
		"otherFees" : {
        	"feeDetails" :
        [
            {
               "commercialName": "IntegrationFee",
               "commercialAmount": "500"
            },
            {
               "commercialName": "LicenceFee",
               "commercialAmount": "1200"
            }
         ]
		 }
        },
        "signUpFee":{
		"otherFees" : {
        	"feeDetails" :
        [
            {
               "commercialName": "IntegrationFee",
               "commercialAmount": "500"
            },
            {
               "commercialName": "LicenceFee",
               "commercialAmount": "1200"
            }
         ]
		 }
        },
		"contentAccessFee":{
		"otherFees" : {
        	"feeDetails" :
        [
            {
               "commercialName": "IntegrationFee",
               "commercialAmount": "500"
            },
            {
               "commercialName": "LicenceFee",
               "commercialAmount": "1200"
            }
         ]
		 }
        },
         "signUpBonus": {
            "slabDetails" :[
            {
               "slabType": "TotalRevenue",
               "slabTypeValue": "2500000"
            }
           ]
        },
        "remittanceFee": {
               "totalSettlementAmount": "1200",
               "totalSettlementCurrency": "INR"
        },
        "trainingFee":{
		"otherFees" : {
        	"feeDetails" :
        [
            {
               "commercialName": "IntegrationFee",
               "commercialAmount": "500"
            },
            {
               "commercialName": "LicenceFee",
               "commercialAmount": "1200"
            }
         ]
		 }
        },
	   "preferenceBenefit":{
		"otherFees" : {
        	"feeDetails" :
        [
            {
               "commercialName": "IntegrationFee",
               "commercialAmount": "500"
            },
            {
               "commercialName": "LicenceFee",
               "commercialAmount": "1200"
            }
         ]
		 }
        },
         "penaltyFee": {
            "slabDetails" :[
            {
               "slabType": "TotalTurnOver",
               "slabTypeValue": "200"
            },
            {
               "slabType": "NumberOfBookings",
               "slabTypeValue": "700"
            }
           ]
        },	
	"terminationFee":{
        	"returnableCommercialHead" :
        [
            {
               "commercialName": "SegmentFees",
               "commercialAmount": "700"
            },
            {
               "commercialName": "ServiceCharge",
               "commercialAmount": "1000"
            }
         ]
        },
         "msfFee": {
            "transactionType": "Online",
            "msfchargeType": "OnUs",
            "paymentType": "CreditCard",
            "cardType": "Visa",
            "totalFare": "4000"
         }
         }
        ] 
      }}}},    
		 
    { "fire-all-rules" : {} },{"get-objects": {"out-identifier":"Response"}}
  ]
}</con:request><con:originalUri>http://localhost/kie-server/services/rest/server/containers/instances/settlement</con:originalUri><con:credentials><con:username>kieserver</con:username><con:password>kieserver1!</con:password><con:selectedAuthProfile>Basic</con:selectedAuthProfile><con:addedBasicAuthenticationTypes>Basic</con:addedBasicAuthenticationTypes><con:authType>Global HTTP Settings</con:authType></con:credentials><con:jmsConfig JMSDeliveryMode="PERSISTENT"/><con:jmsPropertyConfig/><con:parameters/></con:request></con:method></con:resource></con:interface><con:properties/><con:wssContainer/><con:oAuth2ProfileContainer/></con:soapui-project>