{ "lookup" : "ksession",
  "commands" : [ 
    
    { "insert" : {"out-identifier":"BusinessRuleIntake","return-object":false,"entry-point":"DEFAULT",
    "object":{"cnk.air_clientcommercialscalculationengine.Root":{
      
        "header":{
    		"transactionID":"12345",
    		"sessionId":"abc@123",
    		"operationName":"Search",
    		"userID":"Sachin"
    		},
    	
      "businessRuleIntake": [
        {
          "commonElements": {
            "supplier": "Indigo",
            "supplierMarket": "India",
            "contractValidity": "2017-02-10T00:00:00+05:30",
            "productName": "Flights",
            "segment":"Active",
            "clientType":"B2B",
            "clientGroup":"TravelAgent",
            "clientName":"AkbarTravels",
            "iatanumber":"123455",
			"rateCode":"RT1",
			"rateType":"RC1"
          },
          "slabDetails" : [
          {
            "slabType": "TotalRevenue",
            "slabTypeValue": "1500"
          },
          {
            "slabType": "TotalPassengers",
            "slabTypeValue": "4500"
          }
        ],
          "advancedDefinition": {
        "ticketingDate": "2017-02-10T00:00:00+05:30",
        "travelDate": "2017-04-10T00:00:00+05:30",
        "travelType": "SITI",
        "journeyType": "OneWay",
        "flightType": "Via",
        "flightLineType": "Online",
        "codeShareFlightIncluded": "true",
        "travelProductName": "Flights",
        "fromContinent": "Asia",
        "fromCountry": "India",
        "fromCity": "Mumbai",
        "viaContinent": "Asia",
        "viaCountry": "India",
        "viaCity": "Chennai",
        "toContinent": "Asia",
        "toCountry": "India",
        "toCity": "Delhi",
        "connectivitySupplierType": "LCC",        
        "connectivitySupplier": "Indigo",
        "cabinClass": "Economy",
        "RBD": "S",
        "fareBasisValue": "YEEYEE",
        "dealCode": "DC01",
        "credentialsName": "Indigo",
        "bookingType": "Online",
		"isAdvanceDefinition":"false"
      },
	  "entityDetails":[
	  {
		"entityType":"ClientType",
		"entityName":"CnKB2BIndEng",
		"entityMarket":"India"
	  },
	  {
		"entityType":"ClientSpecific",
		"entityName":"AkbarTravels",
		"entityMarket":"India",
		"parentEntityName":"CnKB2BIndEng"
	  }
	  ],
      "flightDetails": [
          {
            "flightNumber": "402",
			"isAdvanced":"false",
            "flightTiming": "2017-04-10T06:00:00+05:30",
            "passengerDetails": [
              {
                "passengerType": "ADT",
                "totalFare": "1900",
                "fareBreakUp": {
                  "baseFare": "1600",
                  "taxDetails" :[
                      {
                        "taxName": "YQ",
                        "taxValue": "150"
                      },
                      {
                        "taxName": "RT",
                        "taxValue": "50"
                      },
                      {
                        "taxName": "ABC",
                        "taxValue": "100"
                      }
                    ]
                },
				"commercialDetails":[
				{
					"commercialName":"Standard",
					"commercialInitialAmount":"1800.0",
					"commercialCalculationPercentage":"20.0",
					"commercialCalculationAmount":"200.0",
					"commercialAmount":"560",
					"commercialTotalAmount":"1240",
					"commercialCurrency":"INR",
					"commercialFareComponent":"Basic,YQ,RT",
					"fareBreakUp": {
					"baseFare": "1080",
					"taxDetails" :[
                      {
                        "taxName": "YQ",
                        "taxValue": "120"
                      },
                      {
                        "taxName": "RT",
                        "taxValue": "40"
                      },
					  {
                        "taxName": "ABC",
                        "taxValue": "100"
                      }
                    ]
						}
					
				},
				{
					"commercialName":"Overriding",
					"commercialInitialAmount":"1600.0",
					"commercialCalculationAmount":"200.0",
					"commercialAmount":"200.0",
					"commercialTotalAmount":"1400.0",
					"fareBreakUp": {
					"baseFare": "1400",
					"taxDetails" :[
                      {
                        "taxName": "YQ",
                        "taxValue": "150"
                      },
                      {
                        "taxName": "RT",
                        "taxValue": "50"
                      },
					  {
                        "taxName": "ABC",
                        "taxValue": "100"
                      }
                    ]
						}
					
				}
				]
              },
              {
                "passengerType": "CHD",
                "totalFare": "1500",
                "fareBreakUp": {
                  "baseFare": "1450",
                  "taxDetails": [
                      {
                        "taxName": "YQ",
                        "taxValue": "30"
                      },
                      {
                        "taxName": "RT",
                        "taxValue": "20"
                      }
                    ]
                }
              }
            ]
          },
          {
            "flightNumber": "303",
			"isAdvanced":"false",
            "flightTiming": "2017-04-10T06:00:00+05:30",
            "passengerDetails": [
              {
                "passengerType": "ADT",
                "totalFare": "1800",
                "fareBreakUp": {
                  "baseFare": "1300",
                  "taxDetails" :[
                      {
                        "taxName": "YQ",
                        "taxValue": "200"
                      },
                      {
                        "taxName": "RT",
                        "taxValue": "300"
                      }
                    ]
                },
				"commercialDetails":[
				{
					"commercialName":"Standard",
					"commercialInitialAmount":"1500.0",
					"commercialCalculationPercentage":"4.0",
					"commercialAmount":"60",
					"commercialTotalAmount":"1440",
					"commercialCurrency":"INR",
					"commercialFareComponent":"Basic,YQ",
					"fareBreakUp": {
					"baseFare": "1248",
					"taxDetails" :[
                      {
                        "taxName": "YQ",
                        "taxValue": "192"
                      },
                      {
                        "taxName": "RT",
                        "taxValue": "300"
                      }
                    ]
						}
					
				},
				{
					"commercialName":"Overriding",
					"commercialInitialAmount":"1800.0",
					"commercialCalculationPercentage":"15.0",
					"commercialCalculationAmount":"110.0",
					"commercialAmount":"380.0",
					"commercialTotalAmount":"1420.0",
					"commercialFareComponent":"Total",
					"fareBreakUp": {
					"baseFare": "995",
					"taxDetails" :[
                      {
                        "taxName": "YQ",
                        "taxValue": "170"
                      },
                      {
                        "taxName": "RT",
                        "taxValue": "255"
                      }
                    ]
						}
					
				}
				]
              },
              {
                "passengerType": "CHD",
                "totalFare": "1500",
				"commercialDetails":[
				{
					"commercialName":"Standard",
					"commercialInitialAmount":"1500.0",
					"commercialCalculationPercentage":"10.0",
					"commercialCalculationAmount":"120.0",
					"commercialAmount":"270",
					"commercialTotalAmount":"1230",
					"commercialCurrency":"INR",
					"commercialFareComponent":"Total"
					
				},
				{
					"commercialName":"Overriding",
					"commercialInitialAmount":"1500.0",
					"commercialCalculationPercentage":"15.0",
					"commercialCalculationAmount":"110.0",
					"commercialAmount":"335",
					"commercialTotalAmount":"1165",
					"commercialFareComponent":"Total"
					
				}
				]
              }
            ]
          }
          ]
		}]
		}}}},		  
    { "fire-all-rules" : {} },{"get-objects": {"out-identifier":"Response"}}
  ]
}