{
    "_id" : "SCMC91",
    "deleted" : false,
    "lastUpdated" : ISODate("2017-12-08T12:46:48.573Z"),
    "createdAt" : ISODate("2017-12-08T12:46:48.562Z"),
    "standardCommercial" : {
        "isSettlementTransactionWise" : true,
        "isTransactional" : false,
        "isCommisionable" : false,
        "isFixed" : true,
        "advanceCommercialsId" : [],
        "policies" : [],
        "media" : [],
        "product" : {
            "holidays" : {
                "supplierRate" : [],
                "products" : []
            },
            "activities" : {
                "IATANumbers" : [],
                "supplierRate" : [],
                "productInformation" : []
            },
            "transportation" : {
                "product" : {
                    "genericProduct" : {
                        "productId" : []
                    },
                    "flight" : {
                        "IATANumbers" : [],
                        "productId" : []
                    },
                    "bus" : {
                        "routes" : [],
                        "operators" : []
                    },
                    "rail" : []
                }
            },
            "accommodation" : {
                "IATANumbers" : ["166"],
                "supplierRate" : [],
                "productInformation" : [{
                    "chain" : "Outrigger Hospitality",
                    "brand" : "Outrigger Hotels and Resorts",
                    "destination" : "Asia",
                    "country" : "Kyrgyzstan",
                    "city" : "Bishkek",
                    "_id" : ObjectId("5a2a89b8e0c25d043cce4657")
                }]
            }
        },
        "clients" : [{
            "clientType" : "B2B",
            "clientgroup" : "123e4",
            "clientName" : "CNK",
            "_id" : ObjectId("5a2a89b8e0c25d043cce4658")
        }],
        "calculation" : {
            "calculationType" : "Gross",
            "markUp" : {
                "minimumPercent" : 12,
                "maximumPercent" : 34,
                "clientType" : "B2B"
            },
            "markDown" : {
                "applicable" : true,
                "clientType" : "B2B"
            }
        },
        "slab" : [],
        "fixed" : {
            "isPercentage" : true,
            "isAmount" : true,
            "valueAmount" : 1234,
            "currency" : "AFN",
            "percentageDetails" : [{
                "valuePercentage" : 1233,
                "farePriceComponents" : "Fare Or Price Component",
                "_id" : ObjectId("5a2a89b8e0c25d043cce4659")
            }]
        },
        "commercialInformation" : {
            "commercialType" : "Payable",
            "commercialDescription" : "dfg fhfgh",
            "isProvisional" : true
        }
    },
    "commercialDefinition" : {
        "productCategory" : "Accommodation",
        "productCategorySubType" : "Hotel",
        "supplierId" : "SUPP7",
        "supplierMarkets" : ["India"]
    },
    "__v" : 0
}
