{
   "type": "SUCCESS",
   "msg": "Container ClientCCE successfully called.",
   "result": {"execution-results":    {
      "results": [      {
         "key": "Response",
         "value": [{"cnk.air_clientcommercialscalculationengine.Root":          {
            "header":             {
               "userID": "Sachin",
               "transactionID": "12345",
               "sessionID": null,
               "operationName": "Search",
               "status": null
            },
            "businessRuleIntake": [            {
               "advancedDefinition":                {
                  "isAdvanceDefinition": false,
                  "ticketingDate": 1486665000000,
                  "travelDate": 1491762600000,
                  "travelType": "SITI",
                  "journeyType": "OneWay",
                  "flightType": "Via",
                  "flightLineType": "Online",
                  "codeShareFlightIncluded": true,
                  "travelProductName": "Flights",
                  "fromContinent": "Asia",
                  "fromCountry": "India",
                  "fromCity": "Mumbai",
                  "viaContinent": "Asia",
                  "viaCountry": "India",
                  "viaCity": "Chennai",
                  "toContinent": "Asia",
                  "toCountry": "India",
                  "toCity": "Delhi",
                  "connectivitySupplier": "Indigo",
                  "connectivitySupplierType": "LCC",
                  "cabinClass": "Economy",
                  "fareBasisValue": "YEEYEE",
                  "dealCode": "DC01",
                  "credentialsName": "Indigo",
                  "bookingType": "Online",
                  "rbd": null
               },
               "commercialStatus": ["StandardAdvancedCompleted"],
               "flightDetails":                [
                                    {
                     "isAdvanced": false,
                     "passengerDetails":                      [
                                                {
                           "passengerType": "ADT",
                           "fareBreakUp":                            {
                              "baseFare": 1600,
                              "taxDetails":                               [
                                                                  {
                                    "taxName": "YQ",
                                    "taxValue": 150
                                 },
                                                                  {
                                    "taxName": "RT",
                                    "taxValue": 50
                                 },
                                                                  {
                                    "taxName": "ABC",
                                    "taxValue": 100
                                 }
                              ]
                           },
                           "commercialDetails":                            [
                                                            {
                                 "commercialName": "Standard",
                                 "commercialInitialAmount": 1800,
                                 "commercialCalculationPercentage": 20,
                                 "commercialCalculationAmount": 200,
                                 "commercialAmount": 560,
                                 "commercialTotalAmount": 1240,
                                 "commercialCurrency": "INR",
                                 "commercialFareComponent": "Basic,YQ,RT",
                                 "fareBreakUp":                                  {
                                    "baseFare": 1080,
                                    "taxDetails":                                     [
                                                                              {
                                          "taxName": "YQ",
                                          "taxValue": 120
                                       },
                                                                              {
                                          "taxName": "RT",
                                          "taxValue": 40
                                       },
                                                                              {
                                          "taxName": "ABC",
                                          "taxValue": 100
                                       }
                                    ]
                                 }
                              },
                                                            {
                                 "commercialName": "Overriding",
                                 "commercialInitialAmount": 1600,
                                 "commercialCalculationPercentage": 0,
                                 "commercialCalculationAmount": 200,
                                 "commercialAmount": 200,
                                 "commercialTotalAmount": 1400,
                                 "commercialCurrency": null,
                                 "commercialFareComponent": null,
                                 "fareBreakUp":                                  {
                                    "baseFare": 1400,
                                    "taxDetails":                                     [
                                                                              {
                                          "taxName": "YQ",
                                          "taxValue": 150
                                       },
                                                                              {
                                          "taxName": "RT",
                                          "taxValue": 50
                                       },
                                                                              {
                                          "taxName": "ABC",
                                          "taxValue": 100
                                       }
                                    ]
                                 }
                              }
                           ],
                           "totalReceivables": 0,
                           "totalPayables": 0,
                           "commercialsApplied":                            [
                              "CnKB2BIndEng_Standard",
                              "Standard"
                           ],
                           "retentionCommercialDetails": [                           {
                              "commercialName": "Standard",
                              "commercialCalculationPercentage": 0,
                              "commercialCalculationAmount": 0,
                              "commercialCurrency": null,
                              "commercialFareComponent": null,
                              "retentionPercentage": 20,
                              "retentionAmountPercentage": 10,
                              "commercialAmount": 92,
                              "remainingPercentageAmount": 288,
                              "remainingAmount": 180,
                              "entityName": "CnKB2BIndEng"
                           }],
                           "totalFare": 1900
                        },
                                                {
                           "passengerType": "CHD",
                           "fareBreakUp":                            {
                              "baseFare": 1450,
                              "taxDetails":                               [
                                                                  {
                                    "taxName": "YQ",
                                    "taxValue": 30
                                 },
                                                                  {
                                    "taxName": "RT",
                                    "taxValue": 20
                                 }
                              ]
                           },
                           "commercialDetails": null,
                           "totalReceivables": 0,
                           "totalPayables": 0,
                           "commercialsApplied": null,
                           "retentionCommercialDetails": null,
                           "totalFare": 1500
                        }
                     ],
                     "flightTiming": 1491784200000,
                     "flightNumber": 402
                  },
                                    {
                     "isAdvanced": false,
                     "passengerDetails":                      [
                                                {
                           "passengerType": "ADT",
                           "fareBreakUp":                            {
                              "baseFare": 1300,
                              "taxDetails":                               [
                                                                  {
                                    "taxName": "YQ",
                                    "taxValue": 200
                                 },
                                                                  {
                                    "taxName": "RT",
                                    "taxValue": 300
                                 }
                              ]
                           },
                           "commercialDetails":                            [
                                                            {
                                 "commercialName": "Standard",
                                 "commercialInitialAmount": 1500,
                                 "commercialCalculationPercentage": 4,
                                 "commercialCalculationAmount": 0,
                                 "commercialAmount": 60,
                                 "commercialTotalAmount": 1440,
                                 "commercialCurrency": "INR",
                                 "commercialFareComponent": "Basic,YQ",
                                 "fareBreakUp":                                  {
                                    "baseFare": 1248,
                                    "taxDetails":                                     [
                                                                              {
                                          "taxName": "YQ",
                                          "taxValue": 192
                                       },
                                                                              {
                                          "taxName": "RT",
                                          "taxValue": 300
                                       }
                                    ]
                                 }
                              },
                                                            {
                                 "commercialName": "Overriding",
                                 "commercialInitialAmount": 1800,
                                 "commercialCalculationPercentage": 15,
                                 "commercialCalculationAmount": 110,
                                 "commercialAmount": 380,
                                 "commercialTotalAmount": 1420,
                                 "commercialCurrency": null,
                                 "commercialFareComponent": "Total",
                                 "fareBreakUp":                                  {
                                    "baseFare": 995,
                                    "taxDetails":                                     [
                                                                              {
                                          "taxName": "YQ",
                                          "taxValue": 170
                                       },
                                                                              {
                                          "taxName": "RT",
                                          "taxValue": 255
                                       }
                                    ]
                                 }
                              }
                           ],
                           "totalReceivables": 0,
                           "totalPayables": 0,
                           "commercialsApplied":                            [
                              "CnKB2BIndEng_Standard",
                              "Standard"
                           ],
                           "retentionCommercialDetails": [                           {
                              "commercialName": "Standard",
                              "commercialCalculationPercentage": 0,
                              "commercialCalculationAmount": 0,
                              "commercialCurrency": null,
                              "commercialFareComponent": null,
                              "retentionPercentage": 10,
                              "retentionAmountPercentage": 0,
                              "commercialAmount": 6,
                              "remainingPercentageAmount": 54,
                              "remainingAmount": 0,
                              "entityName": "CnKB2BIndEng"
                           }],
                           "totalFare": 1800
                        },
                                                {
                           "passengerType": "CHD",
                           "fareBreakUp": null,
                           "commercialDetails":                            [
                                                            {
                                 "commercialName": "Standard",
                                 "commercialInitialAmount": 1500,
                                 "commercialCalculationPercentage": 10,
                                 "commercialCalculationAmount": 120,
                                 "commercialAmount": 270,
                                 "commercialTotalAmount": 1230,
                                 "commercialCurrency": "INR",
                                 "commercialFareComponent": "Total",
                                 "fareBreakUp": null
                              },
                                                            {
                                 "commercialName": "Overriding",
                                 "commercialInitialAmount": 1500,
                                 "commercialCalculationPercentage": 15,
                                 "commercialCalculationAmount": 110,
                                 "commercialAmount": 335,
                                 "commercialTotalAmount": 1165,
                                 "commercialCurrency": null,
                                 "commercialFareComponent": "Total",
                                 "fareBreakUp": null
                              }
                           ],
                           "totalReceivables": 0,
                           "totalPayables": 0,
                           "commercialsApplied":                            [
                              "CnKB2BIndEng_Standard",
                              "Standard"
                           ],
                           "retentionCommercialDetails": [                           {
                              "commercialName": "Standard",
                              "commercialCalculationPercentage": 0,
                              "commercialCalculationAmount": 0,
                              "commercialCurrency": null,
                              "commercialFareComponent": null,
                              "retentionPercentage": 0,
                              "retentionAmountPercentage": 10,
                              "commercialAmount": 12,
                              "remainingPercentageAmount": 0,
                              "remainingAmount": 108,
                              "entityName": "CnKB2BIndEng"
                           }],
                           "totalFare": 1500
                        }
                     ],
                     "flightTiming": 1491784200000,
                     "flightNumber": 303
                  }
               ],
               "entityDetails":                [
                                    {
                     "entityType": "ClientType",
                     "entityName": "CnKB2BIndEng",
                     "entityMarket": "India",
                     "parentEntityName": null,
                     "selectedRow": "CnKB2BIndEng_India_ClientType_Indigo",
                     "childEntityName": null,
                     "commercialsApplied": null,
                     "commercialHead":                      [
                                                {
                           "commercialHeadName": "Standard",
                           "nettOffCommercialHeadName": null,
                           "commercialType": "Payable",
                           "settlementTransactionWise": false,
                           "contractType": null,
                           "commissionable": false,
                           "markDownApplicable": false,
                           "markDownClientType": null,
                           "minimumMarkUpPercentage": 0,
                           "maximumMarkUpPercentage": 0,
                           "markUpClientType": null,
                           "status": "COMPLETED",
                           "commercialProperty": "Retention",
                           "advancedDefinitionApplicable": true
                        },
                                                {
                           "commercialHeadName": "Overriding",
                           "nettOffCommercialHeadName": null,
                           "commercialType": "Payable",
                           "settlementTransactionWise": false,
                           "contractType": null,
                           "commissionable": false,
                           "markDownApplicable": false,
                           "markDownClientType": null,
                           "minimumMarkUpPercentage": 0,
                           "maximumMarkUpPercentage": 0,
                           "markUpClientType": null,
                           "status": null,
                           "commercialProperty": "Retention",
                           "advancedDefinitionApplicable": true
                        }
                     ],
                     "entityStatus":                      [
                        "DefinitionCompleted",
                        "StandardAdvancedCompleted"
                     ]
                  },
                                    {
                     "entityType": "ClientSpecific",
                     "entityName": "AkbarTravels",
                     "entityMarket": "India",
                     "parentEntityName": "CnKB2BIndEng",
                     "selectedRow": "AkbarTravels_India_ClientSpecific",
                     "childEntityName": null,
                     "commercialsApplied": null,
                     "commercialHead":                      [
                                                {
                           "commercialHeadName": "Standard",
                           "nettOffCommercialHeadName": null,
                           "commercialType": "Payable",
                           "settlementTransactionWise": false,
                           "contractType": null,
                           "commissionable": false,
                           "markDownApplicable": false,
                           "markDownClientType": null,
                           "minimumMarkUpPercentage": 0,
                           "maximumMarkUpPercentage": 0,
                           "markUpClientType": null,
                           "status": null,
                           "commercialProperty": "Retention",
                           "advancedDefinitionApplicable": false
                        },
                                                {
                           "commercialHeadName": "Overriding",
                           "nettOffCommercialHeadName": null,
                           "commercialType": "Payable",
                           "settlementTransactionWise": false,
                           "contractType": null,
                           "commissionable": false,
                           "markDownApplicable": false,
                           "markDownClientType": null,
                           "minimumMarkUpPercentage": 0,
                           "maximumMarkUpPercentage": 0,
                           "markUpClientType": null,
                           "status": null,
                           "commercialProperty": "Retention",
                           "advancedDefinitionApplicable": false
                        }
                     ],
                     "entityStatus": ["DefinitionCompleted"]
                  }
               ],
               "ruleFlowName": "CnKB2BIndEng_India_ClientType_Indigo,StandardClientCommercialAdvanced_9, AkbarTravels_India_ClientSpecific,StandardClientCommercialRetentionDT_8,StandardClientCommercialRetentionDT_9,StandardClientCommercialRetentionDT_10",
               "selectedRow": "AkbarTravels_India_ClientSpecific",
               "commonElements":                {
                  "supplier": "Indigo",
                  "supplierMarket": "India",
                  "segment": "Active",
                  "contractValidity": 1486665000000,
                  "productName": "Flights",
                  "clientType": "B2B",
                  "clientGroup": "TravelAgent",
                  "clientName": "AkbarTravels",
                  "rateType": "RC1",
                  "rateCode": "RT1",
                  "slabDetails": null,
                  "iatanumber": "123455"
               },
               "slabDetails":                [
                                    {
                     "slabType": "TotalRevenue",
                     "slabTypeValue": 1500,
                     "isCompleted": false
                  },
                                    {
                     "slabType": "TotalPassengers",
                     "slabTypeValue": 4500,
                     "isCompleted": false
                  }
               ]
            }]
         }}]
      }],
      "facts": [      {
         "key": "BusinessRuleIntake",
         "value": {"org.drools.core.common.DefaultFactHandle": {"external-form": "0:1:1511422523:1511422523:72:DEFAULT:NON_TRAIT:cnk.air_clientcommercialscalculationengine.Root"}}
      }]
   }}
}