<?xml version="1.0" encoding="UTF-8"?>
<con:soapui-project id="b333d8c2-1d38-4b3f-8aeb-8dc6087324f2" activeEnvironment="Default" name="Acco_CCE_Supplier_Settlement_Project" soapui-version="5.2.1" abortOnError="false" runType="SEQUENTIAL" xmlns:con="http://eviware.com/soapui/config"><con:settings/><con:interface xsi:type="con:RestService" id="d30106c1-ba34-4f6e-9fc9-85bd4d2e70ad" wadlVersion="http://wadl.dev.java.net/2009/02" name="http://localhost:8080" type="rest" xmlns:xsi="http://www.w3.org/2001/XMLSchema-instance"><con:settings/><con:definitionCache/><con:endpoints><con:endpoint>http://localhost:8080</con:endpoint></con:endpoints><con:resource name="SupplierSettlementRules" path="/kie-server/services/rest/server/containers/instances/SupplierSettlementRules" id="4fa00292-d314-4976-9e69-4ad3e5bed896"><con:settings/><con:parameters/><con:method name="SupplierSettlementRules" id="0281a616-a5ed-4949-9c0f-08274ccdfd9d" method="POST"><con:settings/><con:parameters/><con:representation type="REQUEST"><con:mediaType>application/json</con:mediaType><con:params/></con:representation><con:representation type="RESPONSE"><con:mediaType>application/json</con:mediaType><con:status>200</con:status><con:params/><con:element xmlns:sup="http://localhost/kie-server/services/rest/server/containers/instances/SupplierSettlementRules">sup:Response</con:element></con:representation><con:representation type="FAULT"><con:mediaType>text/html;charset=UTF-8</con:mediaType><con:status>500</con:status><con:params/><con:element>html</con:element></con:representation><con:request name="SettlementRequest" id="d05a1ccb-a5c7-42ff-a593-fb32c0150421" mediaType="application/json" postQueryString="false"><con:settings><con:setting id="com.eviware.soapui.impl.wsdl.WsdlRequest@request-headers">&lt;xml-fragment/></con:setting></con:settings><con:endpoint>http://localhost:8080</con:endpoint><con:request>{ "lookup" : "kSession",
  "commands" : [ 
    
    { "insert" : {"out-identifier":"BusinessRuleIntake","return-object":false,"entry-point":"DEFAULT",
    "object":{"cnk.acco_commercialscalculationengine.suppliersettlementrules.Root":{
      
        "header":{
    		"transactionID":"12345",
    		"sessionId":"abc@123",
    		"operationName":"Search",	
    		"userID":"Vasudha"
    		},
    	"businessRuleIntake": [
        {
          "commonElements": {
            "supplier": "GTA",
            "supplierMarket": "India",
            "contractValidity": "2017-09-18T00:00:00",
            "productChain": "PC1",
            "productBrand":"PB1",
            "productName":"Hotels",
            "productCategorySubType": "Hotels",
            "clientType":"B2B",
            "clientGroup":"CG1",
            "clientName":"CN1",
            "rateType" : "RT1",
            "rateCode":"RC1",
            "IATANumber":"123455"	
          },
          "advancedDefinition": {
          	"travelDate": "2017-09-16T00:00:00+05:30",
          	"salesDate":"2017-09-16T00:00:00+05:30",
          	"fromContinent":"Asia",
          	"fromCountry":"India",
          	"fromState":"Maharashtra",
          	"fromCity":"Mumbai",
          	"toContinent":"Asia",
          	"toCountry":"India",
          	"toState":"Karnataka",
          	"toCity":"Bangalore",
          	"roomCategory" :"RC1",
          	"roomType" : "Deluxe Studio",
          	"bookingType" : "Online",
          	"credentialsName" :"GTA",
          	"nationality":"Indian",
          	"passengerType" : "ADT"
          },
      	"incentiveOnTopUp": {
            "modeofPayment": "CreditCard",
            "bankName": "ICICI Bank",
            "incentiveCurrency": "INR",
            "incentiveAmount": "100000",
            "topUpDateTime": "2017-09-25T16:10:00+05:30"
         },
          "penaltyFee": {
            "slabDetails" :[
            {
               "slabType": "TotalTurnOver",
               "slabTypeValue": "6000"
            },
            {
               "slabType": "NumberOfBookings",
               "slabTypeValue": "700"
            }
           ]
        },
        "terminationFee":{
        	"returnableCommercialHead" :
        [
            {
               "commercialName": "SegmentFees",
               "commercialAmount": "700"
            },
            {
               "commercialName": "ServiceCharge",
               "commercialAmount": "1000"
            }
         ]
        },
         "msfFee": {
            "transactionType": "Online",
            "msfchargeType": "OnUs",
            "paymentType": "CreditCard",
            "cardType": "Visa",
            "totalFare": "3800"
         },
         "lookToBook": {
            "numberofLooks": "800",
            "numberofBooks": "0",
			"isCumulative" : "true"
         },
         "contentAccessFee":{
		"otherFees" : {
        	"feeDetails" :
        [
            {
               "commercialName": "IntegrationFee",
               "commercialAmount": "500"
            },
            {
               "commercialName": "LicenceFee",
               "commercialAmount": "1200"
            }
         ]
		 }
        }, 
	"maintenanceFee":{
		"otherFees" : {
        	"feeDetails" :
        [
            {
               "commercialName": "IntegrationFee",
               "commercialAmount": "500"
            },
            {
               "commercialName": "LicenceFee",
               "commercialAmount": "1200"
            }
         ]
		 }
        },
        "integrationFee":{
		"otherFees" : {
        	"feeDetails" :
        [
            {
               "commercialName": "IntegrationFee",
               "commercialAmount": "500"
            },
            {
               "commercialName": "LicenceFee",
               "commercialAmount": "1200"
            }
         ]
		 }
        }
        ,
		"licenceFee":{
		"otherFees" : {
        	"feeDetails" :
        [
            {
               "commercialName": "IntegrationFee",
               "commercialAmount": "500"
            },
            {
               "commercialName": "LicenceFee",
               "commercialAmount": "1200"
            }
         ]
		 }
        },
		"webServiceFee":{
		"otherFees" : {
        	"feeDetails" :
        [
            {
               "commercialName": "IntegrationFee",
               "commercialAmount": "500"
            },
            {
               "commercialName": "LicenceFee",
               "commercialAmount": "1200"
            }
         ]
		 }
        },
		"loyaltyBonus":{
		"otherFees" : {
        	"feeDetails" :
        [
            {
               "commercialName": "IntegrationFee",
               "commercialAmount": "500"
            },
            {
               "commercialName": "LicenceFee",
               "commercialAmount": "1200"
            }
         ]
		 }
        },
		"preferenceBenefit":{
		"otherFees" : {
        	"feeDetails" :
        [
            {
               "commercialName": "IntegrationFee",
               "commercialAmount": "500"
            },
            {
               "commercialName": "LicenceFee",
               "commercialAmount": "1200"
            }
         ]
		 }
        },
		"retainerFee":{
		"otherFees" : {
        	"feeDetails" :
        [
            {
               "commercialName": "IntegrationFee",
               "commercialAmount": "500"
            },
            {
               "commercialName": "LicenceFee",
               "commercialAmount": "1200"
            }
         ]
		 }
        },
		"listingFee":{
		"otherFees" : {
        	"feeDetails" :
        [
            {
               "commercialName": "IntegrationFee",
               "commercialAmount": "500"
            },
            {
               "commercialName": "LicenceFee",
               "commercialAmount": "1200"
            }
         ]
		 }
        },

		"signUpFee":{
		"otherFees" : {
        	"feeDetails" :
        [
            {
               "commercialName": "IntegrationFee",
               "commercialAmount": "500"
            },
            {
               "commercialName": "LicenceFee",
               "commercialAmount": "1200"
            }
         ]
		 }
        },
        "trainingFee":{
		"otherFees" : {
        	"feeDetails" :
        [
            {
               "commercialName": "IntegrationFee",
               "commercialAmount": "500"
            },
            {
               "commercialName": "LicenceFee",
               "commercialAmount": "1200"
            }
         ]
		 }
        },
        "signUpBonus": {
            "slabDetails" :[
            {
               "slabType": "NumberOfSegments",
               "slabTypeValue": "2500000"
            }
           ]
        },
        "remittanceFee": {
               "totalSettlementAmount": "6000",
               "totalSettlementCurrency": "INR"
        },
         "freeOfCosts": {
         	 "isApplicable" :"true",
         	 "slabDetails" :[
            {
               "slabType": "No. of Rooms",
               "slabTypeValue": "1200"
            }
           ]
        }
         }
        ] 
      }}}},    
	{ "fire-all-rules" : {} },{"get-objects": {"out-identifier":"Response"}}
  ]
}</con:request><con:originalUri>http://localhost/kie-server/services/rest/server/containers/instances/SupplierSettlementRules</con:originalUri><con:credentials><con:username>kieserver</con:username><con:password>kieserver1!</con:password><con:selectedAuthProfile>Basic</con:selectedAuthProfile><con:addedBasicAuthenticationTypes>Basic</con:addedBasicAuthenticationTypes><con:authType>Global HTTP Settings</con:authType></con:credentials><con:jmsConfig JMSDeliveryMode="PERSISTENT"/><con:jmsPropertyConfig/><con:parameters/></con:request></con:method></con:resource></con:interface><con:properties/><con:wssContainer/><con:oAuth2ProfileContainer/></con:soapui-project>