<kmodule xmlns="http://jboss.org/kie/6.0.0/kmodule" xmlns:xsi="http://www.w3.org/2001/XMLSchema-instance">
  <kbase name="suppliersettlement" default="false" eventProcessingMode="stream" equalsBehavior="identity" packages="cnk.cruise_commercialscalculationengine.suppliersettlementrules" includes="suppliersettlement">
    <ksession name="suppliersettlementsession" type="stateless" default="true" clockType="realtime"/>
  </kbase>
  <kbase name="clienttransactional" default="false" eventProcessingMode="stream" equalsBehavior="identity" packages="cnk.cruise_commercialscalculationengine.clienttransactionalrules" includes="clienttransactional">
    <ksession name="clienttransactionalsession" type="stateless" default="true" clockType="realtime"/>
  </kbase>
  <kbase name="suppliertransactional" default="true" eventProcessingMode="stream" equalsBehavior="identity" packages="cnk.cruise_commercialscalculationengine.suppliertransactionalrules" includes="suppliertransactional">
    <ksession name="suppliertransactionalsession" type="stateless" default="true" clockType="realtime"/>
  </kbase>
  <kbase name="clientsettlement" default="false" eventProcessingMode="stream" equalsBehavior="identity" packages="cnk.cruise_commercialscalculationengine.clientsettlementrules" includes="clientsettlement">
    <ksession name="clientsettlementsession" type="stateless" default="true" clockType="realtime"/>
  </kbase>
</kmodule>