<kmodule xmlns="http://jboss.org/kie/6.0.0/kmodule" xmlns:xsi="http://www.w3.org/2001/XMLSchema-instance">
  <kbase name="suppliersettlement" default="false" eventProcessingMode="stream" equalsBehavior="identity" packages="cnk.carrentals_commercialscalculationengine.suppliersettlementrules">
    <ksession name="suppliersettlementsession" type="stateless" default="false" clockType="realtime"/>
  </kbase>
  <kbase name="clienttransactional" default="false" eventProcessingMode="stream" equalsBehavior="identity" packages="cnk.carrentals_commercialscalculationengine.clienttransactionalrules">
    <ksession name="clienttransactionalsession" type="stateless" default="false" clockType="realtime"/>
  </kbase>
  <kbase name="suppliertransactional" default="true" eventProcessingMode="stream" equalsBehavior="identity" packages="cnk.carrentals_commercialscalculationengine.suppliertransactionalrules">
    <ksession name="suppliertransactionalsession" type="stateless" default="true" clockType="realtime"/>
  </kbase>
  <kbase name="clientsettlement" default="false" eventProcessingMode="stream" equalsBehavior="identity" packages="cnk.carrentals_commercialscalculationengine.clientsettlementrules">
    <ksession name="clientsettlementsession" type="stateless" default="false" clockType="realtime"/>
  </kbase>
</kmodule>