{
	"CommercialDefinitionDT":{
		"commercialName":"definition",
		"type":"definition",
		"supplier":"Alamo",
		"entityType":"ClientType",
		"entityName":"GaneshTravels",
		"entityMarket":"India",
		"commercialHead":[{
			"commercialHeadName":"incentiveOnTopUp",
			"commercialType":"Payable",
			"contractType":"Final",
			"isApplicable":true
		},
		{
			"commercialHeadName":"listingFee",
			"commercialType":"Payable",
			"contractType":"Final",
			"isApplicable":true,
			"refundable":true,
			"recurring":false
		}]
	},
	"MSFFeeDT":{
		"commercialName":"msfFee",
		"type":"msfFee",
		"supplier":"Alamo",
		"entityType":"ClientType",
		"entityName":"GaneshTravels",
		"entityMarket":"India",
		"transactionType":"TT01",
		"msfChargeType":"MCT01",
		"paymentType":"PT01",
		"cardType":"CT01",
		"contractValidity":{
			"operator":"BETWEEN",
			"from":"2017-12-30T00:00:00",
			"to":"2017-12-31T00:00:00"
		},
		"percentage":"5",
		"currency":"INR",
		"amount":"100",
		"serviceTaxApplicable":false
	},
	"RemittanceFeeDT":{
		"commercialName":"remittanceFee",
		"type":"remittanceFee",
		"supplier":"Alamo",
		"entityType":"ClientType",
		"entityName":"GaneshTravels",
		"entityMarket":"India",
		"contractValidity":{
			"operator":"BETWEEN",
			"from":"2017-12-30T00:00:00",
			"to":"2017-12-31T00:00:00"
		},
		"totalSettlementAmount":{
			"operator":"BETWEEN",
			"from":"5000",
			"to":"10000"
		},
		"totalSettlementCurrency":"INR",
		"commercialAmount":"1000",
		"commercialCurrency":"INR"
	},
	"SignUpBonusDT":{
		"commercialName":"signUpBonus",
		"type":"signUpBonus",
		"supplier":"Alamo",
		"entityType":"ClientType",
		"entityName":"GaneshTravels",
		"entityMarket":"India",
		"contractValidity":{
			"operator":"BETWEEN",
			"from":"2017-12-30T00:00:00",
			"to":"2017-12-31T00:00:00"
		},
		"slabDetails":{
			"slabType":"ST01",
			"slabTypeValue":[{
				"operator":"BETWEEN",
				"from":"2000",
				"to":"4000"
			}]
		},
		"commercialAmount":"1000",
		"commercialCurrency":"INR"
	},
	"TerminationFeeDT":{
		"commercialName":"terminationFee",
		"type":"terminationFee",
		"supplier":"Alamo",
		"entityType":"ClientType",
		"entityName":"GaneshTravels",
		"entityMarket":"India",
		"contractValidity":{
			"operator":"BETWEEN",
			"from":"2017-12-30T00:00:00",
			"to":"2017-12-31T00:00:00"
		},
		"commercialAmount":"1000",
		"commercialCurrency":"INR",
		"returnableCommercialHead":[{
			"commercialName":"IntegrationFee",
			"commercialPercentage":"10"
		},
		{
				"commercialName":"LicenseFee",
				"commercialPercentage":"7"
		}]
	},
	"PenaltyFeeDT":{
		"commercialName":"penaltyFee",
		"type":"penaltyFee",
		"supplier":"Alamo",
		"entityType":"ClientType",
		"entityName":"GaneshTravels",
		"entityMarket":"India",
		"contractValidity":{
			"operator":"BETWEEN",
			"from":"2017-12-30T00:00:00",
			"to":"2017-12-31T00:00:00"
		},
		"slabDetails":{
			"slabType":"ST01",
			"slabTypeValue":[{
				"minimumToAchieve":"1000*50",
				"maximumToAchieve":"2000*50",
				
			}]	
		},
		"commercialAmount":"1000",
		"commercialCurrency":"INR",
		"percentage":"10",
		"matchingSlabType":"ST01"
	},
	"IncentiveOnTopUpDT":{
		"commercialName":"incentivesOnTopUp",
		"type":"incentivesOnTopUp",
		"supplier":"Alamo",
		"entityType":"ClientType",
		"entityName":"GaneshTravels",
		"entityMarket":"India",
		"modeOfPayment":"MOP01",
		"bankName":"BN01",
		"incentiveCurrency":"INR",
		"incentiveAmount":"100000",
		"incentiveRateType":"IRT01",
		"incentiveRateCode":"IRC01",
		"contractValidity":{
			"operator":"BETWEEN",
			"from":"2017-12-30T00:00:00",
			"to":"2017-12-31T00:00:00"
		},
		"periodForTopUp":{
			"monthly":{
				"dayOfWeekInMonth":["4"],
				"dayOfWeek":["Sunday"],
				"month":["1"]
			}
		},
		"incentivePercentage":"10"
	},
	"LookToBookDT":{
		"commercialName":"lookToBook",
		"type":"lookToBook",
		"supplier":"Alamo",
		"entityType":"ClientType",
		"entityName":"GaneshTravels",
		"entityMarket":"India",
		"contractValidity":{
			"operator":"BETWEEN",
			"from":"2017-12-30T00:00:00",
			"to":"2017-12-31T00:00:00"
		},
		"lookToBook":{
			"lookRatio":{
				"operator":"BETWEEN",
				"from":"1",
				"to":"1000"
			},
			"bookRatio":"1",
			"commercialAmount":"0.25",
			"currency":"INR"
		}
	},
	"LookToBookCumulativeDT":{
		"commercialName":"lookToBook",
		"type":"lookToBook",
		"supplier":"Alamo",
		"entityType":"ClientType",
		"entityName":"GaneshTravels",
		"entityMarket":"India",
		"contractValidity":{
			"operator":"BETWEEN",
			"from":"2017-12-30T00:00:00",
			"to":"2017-12-31T00:00:00"
		},
		"lookToBook":{
			"lookRate":{
				"amount":"0.25",
				"currency":"INR"
			},
			"bookRate":{
				"amount":"0.25",
				"currency":"INR"
			}
		}
	},
	"ListingFeeDT":{
		"commercialName":"listingFee",
		"type":"otherFees",
		"supplier":"Alamo",
		"entityType":"ClientType",
		"entityName":"GaneshTravels",
		"entityMarket":"India",
		"contractValidity":{
			"operator":"BETWEEN",
			"from":"2017-12-30T00:00:00",
			"to":"2017-12-31T00:00:00"
		},
		"sale":[{
			"inclusion":[{
				"operator":"BETWEEN",
				"from":"2017-01-10T00:00:00",
				"to":"2017-10-30T00:00:00"
			},
			{
				"operator":"BETWEEN",
				"from":"2017-02-10T00:00:00",
				"to":"2017-12-31T00:00:00"
			}]
		}],
		"travel":[{
			"inclusion":[{
				"operator":"BETWEEN",
				"from":"2017-01-10T00:00:00",
				"to":"2017-10-30T00:00:00"
			}]
		}],
		"travelDestination":[{
			"inclusion":[{
				"from":{
					"continent":"CONTI01",
					"country":"COUN01",
					"state":"STAT01",
					"city":"CITY01"
				},
				"via":{
					"continent":"CONTI02",
					"country":"COUN02",
					"state":"STAT02",
					"city":"CITY02"
				},
				"to":{
					"continent":"CONTI03",
					"country":"COUN03",
					"state":"STAT03",
					"city":"CITY03"
				}
			}]
		},
		{
			"exclusion":[{
				"from":{
					"continent":"CONTI04",
					"country":"COUN04",
					"state":"STAT04",
					"city":"CITY04"
				},
				"via":{
					"continent":"CONTI05",
					"country":"COUN05",
					"state":"STAT05",
					"city":"CITY05"
				},
				"to":{
					"continent":"CONTI6",
					"country":"COUN6",
					"state":"STAT6",
					"city":"CITY6"
				}
			}]
		}],
		"connectivitySupplierName":"CSN01",
		"connectivitySupplierType":"CST01",
		"credentialsName":"CN01",
		"bookingType":"BT01",
		"percentage":[{
			"commercialName":"IntegrationFee",
			"commercialPercentage":"10"
		},
		{
				"commercialName":"LicenseFee",
				"commercialPercentage":"7"
		}],
		"applicableProductCategory":"APC01",
		"applicableProductCategorySubType":"APCST01"
	}
}