{
		"SupplierCommercialData": {
			"lastUpdated": "2018-02-14T14:59:44.074Z",
			"createdAt": "2018-02-14T13:10:11.356Z",
			"deleted": false,
			"standardCommercial": {
				"calculation": {
					"calculationType": "Gross",
					"markUp": {
						"maximumPercent": 34,
						"clientType": "B2B",
						"minimumPercent": 2
					},
					"markDown": {
						"applicable": false
					}
				},
				"isCommisionable": true,
				"product": {
					"holidays": {
						"supplierRate": [],
						"products": []
					},
					"activities": {
						"supplierRate": [],
						"productInformation": [],
						"IATANumbers": []
					},
					"accommodation": {
						"supplierRate": [{
							"supplierRateCode": "All",
							"supplierRatetype": "All",
							"_id": "5a844ee017cbbc94787e09ac"
						}],
						"productInformation": [{
							"chain": "Outrigger Hospitality",
							"_id": "5a844ee017cbbc94787e09ab",
							"brand": "Outrigger Hotels and Resorts",
							"productName": "Serenity Resort & Residences"
						}],
						"IATANumbers": ["546", "456"]
					},
					"transportation": {
						"product": {
							"flight": {
								"productId": [],
								"IATANumbers": []
							},
							"bus": {
								"routes": [],
								"operators": []
							},
							"genericProduct": {
								"productId": []
							},
							"rail": []
						}
					}
				},
				"clients": [{
					"clientgroup": "PQR Associates",
					"clientType": "B2B",
					"_id": "5a844ee017cbbc94787e09aa"
				}],
				"policies": [],
				"isTransactional": false,
				"isSettlementTransactionWise": true,
				"media": [],
				"contractValidityTo": "2018-02-28T00:00:00.000Z",
				"advanceDefinationId": "SCAD136",
				"slab": [],
				"contractValidityFrom": "2018-02-14T00:00:00.000Z",
				"fixed": {
					"isAmount": false,
					"isPercentage": true,
					"percentageDetails": [{
						"farePriceComponents": "Basic",
						"valuePercentage": 32,
						"_id": "5a844ee017cbbc94787e09a9"
					}]
				},
				"commercialInformation": {
					"isProvisional": true,
					"commercialType": "Payable",
					"commercialDescription": "ssd gfsdg dfh fghfh "
				},
				"isFixed": true,
				"advanceCommercialsId": []
			},
			"__v": 0,
			"_id": "SCMC582",
			"commercialDefinition": {
				"supplierId": "SUPP1",
				"supplierMarkets": ["All"],
				"productCategorySubType": "Hotel",
				"productCategory": "Accommodation"
			}
		},
		"advanceCommercialData": [],
		"advanceDefinationData": [{
			"lastUpdated": "2018-02-14T13:17:44.756Z",
			"createdAt": "2018-02-14T13:17:44.744Z",
			"advanceDefinitionTransportation": {
				"vehicleDetails": {
					"vehicles": []
				},
				"nationality": {
					"clientNationality": []
				},
				"credentials": [],
				"passengerTypes": [],
				"travelDestination": {
					"destinations": []
				},
				"validity": {
					"sale": [],
					"salePlusTravel": [],
					"travel": []
				}
			},
			"deleted": false,
			"__v": 0,
			"advanceDefinitionAccommodationPLB": {
				"nationality": [],
				"connectivity": {
					"triggerOrPayout": []
				},
				"passenger": [],
				"credentials": [],
				"travelDestination": {
					"travel": []
				},
				"validity": {
					"sale": [],
					"salePlusTravel": [],
					"travel": []
				},
				"others": {
					"roomCategories": [],
					"bookingType": {
						"triggerOrPayout": []
					},
					"roomTypes": []
				}
			},
			"_id": "SCAD136",
			"advanceDefinitionHolidays": {
				"passengerType": {
					"passengerType": []
				},
				"travelDestinations": [],
				"nationality": {
					"clientNationality": []
				},
				"credentials": [],
				"roomLevel": {
					"roomCategories": [],
					"roomTypes": []
				},
				"validity": {
					"travelSales": [],
					"sales": []
				},
				"applicableOn": [],
				"tourTypes": []
			},
			"advanceDefinitionActivities": {
				"nationality": {
					"clientNationality": []
				},
				"credentials": [],
				"passengerTypes": [],
				"travelDestination": {
					"destinations": []
				},
				"validity": {
					"sale": [],
					"salePlusTravel": [],
					"travel": []
				}
			},
			"advanceDefinitionAir": {
				"fareClass": {
					"dealCodes": {
						"dealCodes": []
					},
					"fareBasis": {
						"fare": []
					}
				},
				"bookingClass": {
					"cabin": []
				},
				"credentials": [],
				"flightTimings": {
					"flightTimings": []
				},
				"passengerTypes": [],
				"flightNumbers": {
					"flightRange": []
				},
				"travelDestination": {
					"soldAndTicketingOptions": [],
					"journeyType": [],
					"destinations": []
				},
				"validity": {
					"ticketing": [],
					"ticketingPlusTravel": [],
					"travel": []
				}
			},
			"advanceDefinitionAccommodation": {
				"nationality": {
					"clientNationality": ["Indian"],
					"isInclusion": true
				},
				"connectivity": {
					"supplierId": "asdf",
					"supplierType": "Source"
				},
				"credentials": ["GOC 1", "GOC 2"],
				"passengerTypes": ["Adult", "Infant"],
				"travelDestination": {
					"destinations": [{
						"continent": "Africa",
						"country": "Benin",
						"city": "All",
						"state": "All",
						"_id": "5a8436f88ce7e66b741b7944"
					}],
					"isInclusion": true
				},
				"validity": {
					"validityType": "sale",
					"sale": [{
						"blockOutTo": "2018-02-28T00:00:00.000Z",
						"saleTo": "2018-02-28T00:00:00.000Z",
						"blockOutFrom": "2018-02-03T00:00:00.000Z",
						"_id": "5a8436f88ce7e66b741b7945",
						"saleFrom": "2018-02-01T00:00:00.000Z"
					}],
					"travel": []
				},
				"salePlusTravel": [],
				"others": {
					"roomCategories": {
						"roomCategories": ["2 Bedroom Golf Villa"],
						"isInclusion": true
					},
					"bookingType": "paidbooking",
					"roomTypes": {
						"roomTypes": ["Double Cabin + Child With Bed"],
						"isInclusion": true
					}
				}
			}
		}]
	}
