{"SupplierCommercialData":{"__v":0,"deleted":false,"lastUpdated":"2018-02-15T11:55:12.663Z","createdAt":"2018-02-15T11:55:12.634Z","standardCommercial":{"isSettlementTransactionWise":true,"isTransactional":false,"isCommisionable":true,"isFixed":true,"advanceDefinationId":"SCAD141","contractValidityFrom":"2018-02-15T00:00:00.000Z","contractValidityTo":"2018-02-28T00:00:00.000Z","advanceCommercialsId":[],"policies":[],"media":[],"product":{"holidays":{"supplierRate":[],"products":[]},"activities":{"IATANumbers":[],"supplierRate":[],"productInformation":[]},"transportation":{"product":{"genericProduct":{"productId":[]},"flight":{"IATANumbers":[],"productId":[]},"bus":{"routes":[],"operators":[]},"rail":[]}},"accommodation":{"IATANumbers":["234","456"],"supplierRate":[{"supplierRatetype":"All","supplierRateCode":"All","_id":"5a857520e2a7ab222096f29a"}],"productInformation":[{"chain":"Outrigger Hospitality","brand":"Outrigger Hotels and Resorts","_id":"5a857520e2a7ab222096f29b"}]}},"clients":[{"clientType":"B2B","clientgroup":"PQR Associates","_id":"5a857520e2a7ab222096f29c"}],"calculation":{"calculationType":"Gross","markUp":{"minimumPercent":1,"maximumPercent":3,"clientType":"B2B"},"markDown":{"applicable":false}},"slab":[],"fixed":{"isPercentage":true,"isAmount":false,"percentageDetails":[{"valuePercentage":1,"farePriceComponents":"Basic","_id":"5a857520e2a7ab222096f29d"}]},"commercialInformation":{"commercialType":"Receivable","commercialDescription":"sd gf sdgdfg fdg","isProvisional":false}},"commercialDefinition":{"productCategory":"Accommodation","productCategorySubType":"Hotel","supplierId":"SUPP1","supplierMarkets":["All"]},"_id":"SCMC609"},"advanceCommercialData":[],"advanceDefinationData":[{"_id":"SCAD141","__v":0,"deleted":false,"lastUpdated":"2018-02-15T11:54:55.534Z","createdAt":"2018-02-15T11:54:55.500Z","advanceDefinitionHolidays":{"tourTypes":[],"applicableOn":[],"passengerType":{"passengerType":[]},"nationality":{"clientNationality":[]},"credentials":[],"roomLevel":{"roomTypes":[],"roomCategories":[]},"travelDestinations":[],"validity":{"travelSales":[],"sales":[]}},"advanceDefinitionTransportation":{"vehicleDetails":{"vehicles":[]},"nationality":{"clientNationality":[]},"passengerTypes":[],"credentials":[],"travelDestination":{"destinations":[]},"validity":{"salePlusTravel":[],"travel":[],"sale":[]}},"advanceDefinitionActivities":{"nationality":{"clientNationality":[]},"passengerTypes":[],"credentials":[],"travelDestination":{"destinations":[]},"validity":{"salePlusTravel":[],"travel":[],"sale":[]}},"advanceDefinitionAccommodationPLB":{"nationality":[],"passenger":[],"credentials":[],"connectivity":{"triggerOrPayout":[]},"others":{"bookingType":{"triggerOrPayout":[]},"roomTypes":[],"roomCategories":[]},"travelDestination":{"travel":[]},"validity":{"salePlusTravel":[],"travel":[],"sale":[]}},"advanceDefinitionAccommodation":{"nationality":{"isInclusion":true,"clientNationality":["American","Indian"]},"passengerTypes":["Adult","Senior Citizen"],"credentials":["GOC 1","GOC 2"],"connectivity":{"supplierType":"Enabler","supplierId":"sdfg g"},"others":{"bookingType":"paidbooking","roomTypes":{"isInclusion":true,"roomTypes":["Double Cabin + Child No Bed"]},"roomCategories":{"isInclusion":true,"roomCategories":["1 Bedroom Apartment"]}},"travelDestination":{"isInclusion":true,"destinations":[{"continent":"Africa","country":"Algeria","state":"All","city":"All","_id":"5a85750fe2a7ab222096f298"}]},"salePlusTravel":[],"validity":{"validityType":"sale","travel":[],"sale":[{"saleFrom":"2018-02-01T00:00:00.000Z","saleTo":"2018-02-28T00:00:00.000Z","blockOutFrom":"2018-02-01T00:00:00.000Z","blockOutTo":"2018-02-28T00:00:00.000Z","_id":"5a85750fe2a7ab222096f299"}]}},"advanceDefinitionAir":{"passengerTypes":[],"credentials":[],"fareClass":{"dealCodes":{"dealCodes":[]},"fareBasis":{"fare":[]}},"bookingClass":{"cabin":[]},"flightTimings":{"flightTimings":[]},"flightNumbers":{"flightRange":[]},"travelDestination":{"destinations":[],"journeyType":[],"soldAndTicketingOptions":[]},"validity":{"ticketingPlusTravel":[],"travel":[],"ticketing":[]}}}]}