{
    "SupplierCommercialData": {
       
         "commercialDefinition": {
            "supplierId": "SUPP49",
            "productCategorySubType": "Hotel",
            "productCategory": "Accommodation",
            "supplierMarkets": [
                "trutr"
            ]
        }
    },
    "advanceDefinationData": [
      
		  {
            "_id": "SCAD117",
            "deleted": false,
            "lastUpdated": "2018-02-01T10:43:48.242Z",
            "createdAt": "2018-02-01T10:43:48.231Z",
            "advanceDefinitionHolidays": {
                "tourTypes": [],
                "applicableOn": [],
                "passengerType": {
                    "passengerType": []
                },
                "nationality": {
                    "clientNationality": []
                },
                "credentials": [],
                "roomLevel": {
                    "roomTypes": [],
                    "roomCategories": []
                },
                "travelDestinations": [],
                "validity": {
                    "travelSales": [],
                    "sales": []
                }
            },
            "advanceDefinitionTransportation": {
                "vehicleDetails": {
                    "vehicles": []
                },
                "nationality": {
                    "clientNationality": []
                },
                "passengerTypes": [],
                "credentials": [],
                "travelDestination": {
                    "destinations": []
                },
                "validity": {
                    "salePlusTravel": [],
                    "travel": [],
                    "sale": []
                }
            },
            "advanceDefinitionActivities": {
                "nationality": {
                    "clientNationality": []
                },
                "passengerTypes": [],
                "credentials": [],
                "travelDestination": {
                    "destinations": []
                },
                "validity": {
                    "salePlusTravel": [],
                    "travel": [],
                    "sale": []
                }
            },
            "advanceDefinitionAccommodationPLB": {
                "nationality": [],
                "passenger": [],
                "credentials": [],
                "connectivity": {
                    "triggerOrPayout": []
                },
                "others": {
                    "bookingType": {
                        "triggerOrPayout": []
                    },
                    "roomTypes": [],
                    "roomCategories": []
                },
                "travelDestination": {
                    "travel": []
                },
                "validity": {
                    "salePlusTravel": [],
                    "travel": [],
                    "sale": []
                }
            },
            "advanceDefinitionAccommodation": {
                "nationality": {
                    "isInclusion": true,
                    "clientNationality": []
                },
                "passengerTypes": [],
                "credentials": [],
                "connectivity": {
                    "supplierType": "",
                    "supplierId": ""
                },
                "others": {
                    "bookingType": "",
                    "roomTypes": {
                        "isInclusion": true,
                        "roomTypes": ["Single"]
                    },
                    "roomCategories": {
                        "isInclusion": true,
                        "roomCategories": ["Suite"]
                    }
                },
                "travelDestination": {
                    "isInclusion": true,
                    "destinations": [{
                        "continent": "Asia",
                        "country":"India",
                        "state": "MH",
                        "city": "Bombay"
                    }]
                },
                "salePlusTravel": [],
                "validity": {
                    "validityType": "sale",
                    "travel": [],
                      "sale": [
                    {
                        "saleFrom": "2018-02-01",
                        "saleTo": "2018-02-05",
                        "blockOutFrom":"2018-02-03",
                        "blockOutTo":"2018-2-04"
                    }
                ]
                }
            },
            "advanceDefinitionAir": {
                "passengerTypes": [],
                "credentials": [],
                "fareClass": {
                    "dealCodes": {
                        "dealCodes": []
                    },
                    "fareBasis": {
                        "fare": []
                    }
                },
                "bookingClass": {
                    "cabin": []
                },
                "flightTimings": {
                    "flightTimings": []
                },
                "flightNumbers": {
                    "flightRange": []
                },
                "travelDestination": {
                    "destinations": [],
                    "journeyType": [],
                    "soldAndTicketingOptions": []
                },
                "validity": {
                    "ticketingPlusTravel": [],
                    "travel": [],
                    "ticketing": []
                }
            },
            "__v": 0
        }
    ],
    "advanceCommercialData": [
        {
            "_id": "ADC253",
            "deleted": false,
            "lastUpdated": "2018-01-18T07:35:24.198Z",
            "createdAt": "2018-01-18T07:05:29.172Z",
            "advanceCommercial": {
                "commercialId": "",
                "commissionFlights": {
                    "policies": [],
                    "media": [],
                    "IATANumbers": [],
                    "client": [],
                    "calculation": {},
                    "product": [],
                    "fixed": {
                        "percentageDetails": []
                    },
                    "commercialInformation": {}
                },
                "serviceCharge": {
                    "policies": [],
                    "media": [],
                    "IATANumbers": [],
                    "supplierRate": [],
                    "client": [],
                    "product": [],
                    "fixed": {
                        "percentageDetails": []
                    },
                    "commercialInformation": {}
                },
                "issuanceFees": {
                    "policies": [],
                    "media": [],
                    "IATANumbers": [],
                    "client": [],
                    "calculation": {},
                    "product": [],
                    "fixed": {
                        "percentageDetails": []
                    },
                    "commercialInformation": {}
                },
                "segmentFees": {
                    "policies": [],
                    "media": [],
                    "IATANumbers": [],
                    "supplierRate": [],
                    "client": [],
                    "calculation": {},
                    "product": [],
                    "slab": [],
                    "commercialInformation": {}
                },
                "sectorWiseIncentives": {
                    "policies": [],
                    "media": [],
                    "IATANumbers": [],
                    "client": [],
                    "calculation": {},
                    "product": [],
                    "slab": [],
                    "commercialInformation": {}
                },
                "destinationIncentives": {
                    "policies": [],
                    "media": [],
                    "IATANumbers": [],
                    "supplierRate": [],
                    "client": [],
                    "calculation": {},
                    "product": [],
                    "slab": [],
                    "commercialInformation": {}
                },
                "plb": {
                    "policies": [],
                    "media": [],
                    "IATANumbers": [],
                    "supplierRate": [],
                    "client": [],
                    "calculation": {},
                    "product": [],
                    "slab": [],
                    "commercialInformation": {}
                },
                "overRidingCommission": {
                    "contractValidityTo": "2018-06-31T00:00:00.000Z",
                    "contractValidityFrom": "2018-07-18T00:00:00.000Z",
                    "advanceDefinationId": "SCAD117",
                    "calculationType": "fixed",
                    "isTransactional": true,
                    "policies": [],
                    "media": [],
                    "IATANumbers": [
                        "675"
                    ],
                    "supplierRate": [],
                    "client": [
                        {
                            "clientType": "B2B",
                            "clientgroup": "",
                            "clientName": "",
                            "_id": "5a60473981a03d177c0b38a6"
                        }
                    ],
                    "calculation": {
                        "netOffCommercialHead": "",
                        "calculationType": "Gross"
                    },
                    "product": [
                        {
                            "productId": "",
                            "chain": "Outrigger Hospitality",
                            "brand": "Outrigger Hotels and Resorts",
                            "_id": "5a60473981a03d177c0b38a7"
                        }
                    ],
                    "slab": [],
                    "fixed": {
                        "currency": "",
                        "valueAmount": 0,
                        "isAmount": false,
                        "isPercentage": true,
                        "percentageDetails": [
                            {
                                "valuePercentage": 234,
                                "farePriceComponents": "Fare Or Price Component",
                                "_id": "5a60473981a03d177c0b38a8"
                            }
                        ]
                    },
                    "commercialInformation": {
                        "commercialDescription": "sdfg dfhfgjhfj",
                        "commercialType": "Payable"
                    }
                },
                "freeOfCostHolidays": {
                    "media": [],
                    "slabsOrRunning": []
                },
                "freeOfCostActivities": {
                    "policies": [],
                    "media": [],
                    "freeOfCostUtilization": [],
                    "slabsOrRunning": []
                },
                "freeOfCostAccommodation": {
                    "media": [],
                    "freeOfCostUtilization": [],
                    "slabOrRunning": []
                },
                "freeOfCostFlights": {
                    "media": [],
                    "freeOfCostUtilization": [],
                    "slabOrRunning": []
                },
                "MSfFees": {
                    "media": [],
                    "paymentRule": {
                        "cardTypes": [],
                        "paymentType": []
                    }
                },
                "penaltyFeeOrKickBack": {
                    "media": [],
                    "penaltyCriteria": []
                },
                "terminationFees": {
                    "media": [],
                    "returnOfPayable": []
                },
                "remittanceFees": {
                    "media": [],
                    "slabs": []
                },
                "incentiveOnTopup": {
                    "media": [],
                    "rateType": [],
                    "periodicity": {
                        "fortnightly": [],
                        "weekly": [],
                        "daily": []
                    },
                    "topUpAmount": []
                },
                "lookToBook": {
                    "media": [],
                    "products": [],
                    "LTBbyRatio": []
                },
                "otherFees": {
                    "media": [],
                    "applyOn": [],
                    "percentage": []
                },
                "signupBonus": {
                    "media": [],
                    "signupBonusCriteria": []
                },
                "commercialHeadInfo": {
                    "displayName": "Overriding Commission",
                    "groupName": "overridingCommission"
                }
            },
            "__v": 0
        },
         {
            "_id": "ADC254",
            "deleted": false,
            "lastUpdated": "2018-01-18T07:35:24.198Z",
            "createdAt": "2018-01-18T07:05:29.172Z",
            "advanceCommercial": {
                "commercialId": "",
                "commissionFlights": {
                    "policies": [],
                    "media": [],
                    "IATANumbers": [],
                    "client": [],
                    "calculation": {},
                    "product": [],
                    "fixed": {
                        "percentageDetails": []
                    },
                    "commercialInformation": {}
                },
                "serviceCharge": {
                    "policies": [],
                    "media": [],
                    "IATANumbers": [],
                    "supplierRate": [],
                    "client": [],
                    "product": [],
                    "fixed": {
                        "percentageDetails": []
                    },
                    "commercialInformation": {}
                },
                "issuanceFees": {
                    "policies": [],
                    "media": [],
                    "IATANumbers": [],
                    "client": [],
                    "calculation": {},
                    "product": [],
                    "fixed": {
                        "percentageDetails": []
                    },
                    "commercialInformation": {}
                },
                "segmentFees": {
                    "policies": [],
                    "media": [],
                    "IATANumbers": [],
                    "supplierRate": [],
                    "client": [],
                    "calculation": {},
                    "product": [],
                    "slab": [],
                    "commercialInformation": {}
                },
                "sectorWiseIncentives": {
                    "policies": [],
                    "media": [],
                    "IATANumbers": [],
                    "client": [],
                    "calculation": {},
                    "product": [],
                    "slab": [],
                    "commercialInformation": {}
                },
                "destinationIncentives": {
                    "policies": [],
                    "media": [],
                    "IATANumbers": [],
                    "supplierRate": [],
                    "client": [],
                    "calculation": {},
                    "product": [],
                    "slab": [],
                    "commercialInformation": {}
                },
                "plb": {
                    "policies": [],
                    "media": [],
                    "IATANumbers": [],
                    "supplierRate": [],
                    "client": [],
                    "calculation": {},
                    "product": [],
                    "slab": [],
                    "commercialInformation": {}
                },
                "overRidingCommission": {
                    "contractValidityTo": "2018-06-31T00:00:00.000Z",
                    "contractValidityFrom": "2018-07-18T00:00:00.000Z",
                    "advanceDefinationId": "SCAD117",
                    "calculationType": "fixed",
                    "isTransactional": true,
                    "policies": [],
                    "media": [],
                    "IATANumbers": [
                        "675"
                    ],
                    "supplierRate": [],
                    "client": [
                        {
                            "clientType": "B2B",
                            "clientgroup": "",
                            "clientName": "",
                            "_id": "5a60473981a03d177c0b38a6"
                        }
                    ],
                    "calculation": {
                        "netOffCommercialHead": "",
                        "calculationType": "Gross"
                    },
                    "product": [
                        {
                            "productId": "",
                            "chain": "Outrigger Hospitality",
                            "brand": "Outrigger Hotels and Resorts",
                            "_id": "5a60473981a03d177c0b38a7"
                        }
                    ],
                    "slab": [],
                    "fixed": {
                        "currency": "",
                        "valueAmount": 0,
                        "isAmount": false,
                        "isPercentage": true,
                        "percentageDetails": [
                            {
                                "valuePercentage": 234,
                                "farePriceComponents": "Fare Or Price Component",
                                "_id": "5a60473981a03d177c0b38a8"
                            }
                        ]
                    },
                    "commercialInformation": {
                        "commercialDescription": "sdfg dfhfgjhfj",
                        "commercialType": "Payable"
                    }
                },
                "freeOfCostHolidays": {
                    "media": [],
                    "slabsOrRunning": []
                },
                "freeOfCostActivities": {
                    "policies": [],
                    "media": [],
                    "freeOfCostUtilization": [],
                    "slabsOrRunning": []
                },
                "freeOfCostAccommodation": {
                    "media": [],
                    "freeOfCostUtilization": [],
                    "slabOrRunning": []
                },
                "freeOfCostFlights": {
                    "media": [],
                    "freeOfCostUtilization": [],
                    "slabOrRunning": []
                },
                "MSfFees": {
                    "media": [],
                    "paymentRule": {
                        "cardTypes": [],
                        "paymentType": []
                    }
                },
                "penaltyFeeOrKickBack": {
                    "media": [],
                    "penaltyCriteria": []
                },
                "terminationFees": {
                    "media": [],
                    "returnOfPayable": []
                },
                "remittanceFees": {
                    "media": [],
                    "slabs": []
                },
              "incentiveOnTopup": {
				"isTransactional": true,
				"isSingleTopUp": true,
				"contractValidityFrom": "2018-01-04T00:00:00.000Z",
				"contractValidityTo": "2018-01-31T00:00:00.000Z",
				"media": [],
				"rateType": [],
				"periodicity": {
					"monthly": {
						"option2": {
							"weekOfMonth": 0,
							"dayOfWeek": "",
							"repeatEvery": 0
						},
						"option1": {
							"day": 0,
							"repeatEvery": 0
						}
					},
					"fortnightly": [],
					"weekly": [],
					"daily": []
				},
				"topUpAmount": [],
				"commercialInformation": {
					"commercialType": "Payable",
					"commercialDescription": "sd fdgfdg"
				}
			},
		     "lookToBook": {
                    "media": [],
                    "products": [],
                    "LTBbyRatio": []
                },
                "otherFees": {
                    "media": [],
                    "applyOn": [],
                    "percentage": []
                },
                "signupBonus": {
                    "media": [],
                    "signupBonusCriteria": []
                },
                "commercialHeadInfo": {
                    "displayName": "Incentives On Top up",
                    "groupName": "Incentives On Top up"
                }
            },
            "__v": 0
        }
   	
    ]
}